 ,, ,,,,,,,,,
Seed ID,Task,Categories,Difficulty Vars,Rules,Duplicate,Source, Completion,Remark,,,
maze,Multi-layer Mazes,Space / Path Planning,"grid_size, layers, portals",Cross-layer pathfinding with portal navigation; output blue path PNG.,,https://github.com/danielxmed/tacit-benchmark,zixiao,,,, 
raven,Progressive Matrices,Pattern / Sequence,"rules, complexity","3x3 visual grid; infer rules for shape, color, rotation, and count.",,https://github.com/danielxmed/tacit-benchmark,zixiao,,,,
ca_forward,CA Forward Prediction,Pattern / Sequence,"grid_size, rule_complexity, steps",Deterministic time evolution; predict T+k state based on Moore neighborhood.,,https://github.com/danielxmed/tacit-benchmark,zixiao,,,,
ca_inverse,CA Inverse Inference,Pattern / Sequence,"grid_size, rule_space, steps",Inverse causal reasoning; infer rule table from T and T+k states.,,https://github.com/danielxmed/tacit-benchmark,zixiao,,,,
logic_grid,Visual Logic Grids,Logical Constraint,"grid_size, constraints, types",Latin Square puzzle with visual cues; must satisfy row/column uniqueness.,,https://github.com/danielxmed/tacit-benchmark,zixiao,,,,
graph_coloring,Planar Graph k-Coloring,Graph / Connectivity,"nodes, edge_density, k",Constraint optimization; no adjacent nodes same color using exactly k colors.,,https://github.com/danielxmed/tacit-benchmark,zixiao,,,,
graph_isomorphism,Graph Isomorphism Detection,Graph / Connectivity,"nodes, distortion",Structure comparison; determine if two layouts have identical topology.,,https://github.com/danielxmed/tacit-benchmark,zixiao,,,,
unknot,Unknot Detection,Topology,crossings,Topological classification; determine if a closed curve is an unknot.,,https://github.com/danielxmed/tacit-benchmark,zixiao,,,,
ortho_projection,Orthographic Projection Identification,Geometry / Projection (3D),"faces, concavities",Spatial transformation; derive 2D projections from an isometric view.,,https://github.com/danielxmed/tacit-benchmark,zixiao,,,,
iso_reconstruction,Isometric Reconstruction,Geometry / Projection (3D),"faces, ambiguity",Inverse spatial reasoning; reconstruct 3D voxel structure from 2D projections.,,https://github.com/danielxmed/tacit-benchmark,zixiao,,,,
,,,,,,,,,,,
,,,,,,,,,,,
symmetry_grid_mirror_fill,Symmetry Grid Mirror Fill,Symmetry,"grid_size, symmetry_axis",Fill in the missing grid cells to maintain reflectional symmetry.,,https://github.com/maveryn/sphinx,zixiao,,,,
symmetry_scene_mirror_identify,Symmetry Scene Mirror Identify,Symmetry,"distractors, noise_level",Identify the correct axis of symmetry within a complex visual scene.,,https://github.com/maveryn/sphinx,zixiao,,,,
symmetry_frieze_groups,Symmetry Frieze Groups,Symmetry,"group_type, complexity",Identify or complete a 1D repeating pattern (frieze group).,,https://github.com/maveryn/sphinx,zixiao,,,,
symmetry_wallpaper_groups,Symmetry Wallpaper Groups,Symmetry,"group_type, complexity",Identify or complete a 2D repeating pattern (wallpaper group).,,https://github.com/maveryn/sphinx,zixiao,,,,
sequence_arithmetic,Sequence Arithmetic,Sequence,"seq_length, step_size",Deduce the mathematical progression in a visual sequence and find the next item.,,https://github.com/maveryn/sphinx,zixiao,,,,
sequence_rotation,Sequence Rotation,Sequence,"angle, steps",Predict the next rotational state of a shape in a sequence.,,https://github.com/maveryn/sphinx,zixiao,,,,
sequence_multi_column_arithmetic,Seq Multi-Column Arithmetic,Sequence,"columns, operations",Solve multi-variable visual arithmetic across different columns.,,https://github.com/maveryn/sphinx,zixiao,,,,
transform_pair_infer,Transform Pair Infer,Transform,transform_types,"Infer the transformation rule between pair A and B, apply to C.",,https://github.com/maveryn/sphinx,zixiao,,,,
transform_result_identify,Transform Result Identify,Transform,operations_count,Apply a sequence of known transformations to identify the final result.,,https://github.com/maveryn/sphinx,zixiao,,,,
transform_similarity_identify,Transform Similarity Identify,Transform,feature_dimensions,Group or identify objects that share a specific geometric transformation.,,https://github.com/maveryn/sphinx,zixiao,,,,
tiles_connected_component,Tiles Connected Component,Tiles,"grid_size, density",Identify and count isolated connected components on a tile grid.,,https://github.com/maveryn/sphinx,zixiao,,,,
tiles_shortest_path,Tiles Shortest Path,Tiles,"obstacles, grid_size",Find the shortest visual path between two points on a tile grid.,,https://github.com/maveryn/sphinx,zixiao,,,,
tiles_missing_tiles,Tiles Missing Tiles,Tiles,pattern_type,Deduce the logical pattern to find the missing tile.,,https://github.com/maveryn/sphinx,zixiao,,,,
tiles_decompose_compose,Tiles Decompose Compose,Tiles,pieces_count,Match composed whole shapes to their decomposed tile parts.,,https://github.com/maveryn/sphinx,zixiao,,,,
tiles_geometry,Tiles Geometry,Tiles,shape_complexity,"Perform geometric reasoning tasks (area, perimeter) on tile grids.",,https://github.com/maveryn/sphinx,zixiao,,,,
tiles_recoloring,Tiles Recoloring,Tiles,color_rules,Deduce conditional rules for recoloring specific tiles.,,https://github.com/maveryn/sphinx,zixiao,,,,
tiles_line_length,Tiles Line Length,Tiles,"distortions, scale",Visually compare or measure lengths of lines across tiles.,,https://github.com/maveryn/sphinx,zixiao,,,,
tiles_line_intersections,Tiles Line Intersections,Tiles,line_count,Count or locate line intersections within a tiled area.,,https://github.com/maveryn/sphinx,zixiao,,,,
shape_count,Shape Count,Counting,"distractors, overlap",Count specific target shapes in an environment with high noise/overlap.,,https://github.com/maveryn/sphinx,zixiao,,,,
charts_pie,Charts Pie,Charts,"slices, color_map",Reason about mathematical proportions using visual pie charts.,,https://github.com/maveryn/sphinx,zixiao,,,,
charts_match_proportions,Charts Match Proportions,Charts,data_variance,Match visual proportions in charts to given numeric data.,,https://github.com/maveryn/sphinx,zixiao,,,,
geometric_sort,Geometric Sort,Geometric,sort_criteria,"Sort a series of geometric objects by size, area, or edges.",,https://github.com/maveryn/sphinx,zixiao,,,,
geometric_position,Geometric Position,Geometric,spatial_relations,"Reason about relative spatial positioning (inside, above, intersecting).",,https://github.com/maveryn/sphinx,zixiao,,,,
geometric_stack_count,Geometric Stack Count,Geometric,"depth, occlusion",Count or identify objects in a 3D-like stacked scene with occlusions.,,https://github.com/maveryn/sphinx,zixiao,,,,
rect_venn,Rect Venn,Rect Venn,"sets, intersections",Visual logic and set theory using rectangular Venn diagram overlaps.,,https://github.com/maveryn/sphinx,zixiao,,,,
,,,,,, ,,,,,
Vr1,Regular Maze,2D Grid-based Spatial Navigation,maze_size (7 to 15),Basic spatial navigation and path planning in grid-based mazes,,https://github.com/foundationagents/vr-bench,zixiao,,,,
Vr2,Sokoban,Logic & Object Interactions,"board_size (5 to 12), num_boxes","Push boxes to target positions, requiring understanding of object interactions and push mechanics",,https://github.com/foundationagents/vr-bench,zixiao,,,,
Vr3,3D Maze,3D Spatial Reasoning,"Maze size, height, and occlusion","Navigate through multi-level maze with height and occlusion, testing reasoning ability in 3D space",,https://github.com/foundationagents/vr-bench,zixiao,,,,
Vr4,PathFinder (Irregular Maze),Pure Visual Perception,"image_size (512 to 1024), road width (30px to 18px), node density (18% to 12%), branch count (1 to 5), path length (4 to 8 nodes)","Navigate through irregular mazes with curved paths, testing pure visual perception without coordinate memory",,https://github.com/foundationagents/vr-bench,zixiao,,,,
Vr5,TrapField,Constraint-based Reasoning,"grid_size (5 to 11), trap_density (0.2 to 0.35)","Navigate from start to goal while avoiding specific trap regions, testing constraint-based reasoning",,https://github.com/foundationagents/vr-bench,zixiao,,,,
,,,,,, ,,,,,
end_location,End Location Prediction,Dynamic Reasoning,"n_steps, n_balls",Predict the final coordinate (grid ID) of the target ball after all collisions.,,https://github.com/akaliutau/dynavisr-bench,zixiao,,,,
collision_count,Collision Counting,Dynamic Reasoning,"n_steps, n_obstacles",Count the total number of collisions between balls and obstacles/walls.,,https://github.com/akaliutau/dynavisr-bench,zixiao,,,,
event_order,Event Ordering,Causal Reasoning,n_events,Determine the chronological order of specific collision events.,,https://github.com/akaliutau/dynavisr-bench,zixiao,,,,
occlusion_id,Identity under Occlusion,Spatial Reasoning,obstacle_size,Identify which ball is at a certain location after passing through an occluded area.,,https://github.com/akaliutau/dynavisr-bench,zixiao,,,,
,,,,,, ,,,,,
mentis_Form Board,Form Board,Spatial matching,,Match pieces to silhouettes,,https://github.com/Jana-Z/mentis-oculi,zixiao,,,,
mentis_Hinge Folding,Hinge Folding,Sequential transformations,,Fold connected shapes via hinges,,https://github.com/Jana-Z/mentis-oculi,zixiao,,,,
mentis_Paper Fold,Paper Fold,Spatial prediction,,Predict fold patterns,,https://github.com/Jana-Z/mentis-oculi,zixiao,,,,
mentis_Rush Hour,Rush Hour,Sequential planning,,Slide cars to free the red car,,https://github.com/Jana-Z/mentis-oculi,zixiao,,,,
mentis_Sliding Puzzle,Sliding Puzzle,Sequential moves,,Rearrange tiles to form image,,https://github.com/Jana-Z/mentis-oculi,zixiao,,,,
,,,,,, ,,,,,
Gym-V 1,Arc 1D,Single-turn / ARC,"Parametric variables (levels 0, 1, 2)",Observe 1D visual patterns and solve the ARC task,,https://github.com/ModalMinds/gym-v,zixiao,,,,
Gym-V 2,Arc Agi,Single-turn / ARC,"Parametric variables (levels 0, 1, 2)",Solve general Abstraction and Reasoning Corpus grids,,https://github.com/ModalMinds/gym-v,zixiao,,,,
Gym-V 3,Rearc,Single-turn / ARC,"Parametric variables (levels 0, 1, 2)",Variant of ARC tasks involving reverse-engineering patterns,,https://github.com/ModalMinds/gym-v,zixiao,,,,
Gym-V 4,Addition Table,Single-turn / Algorithmic,"Parametric variables (levels 0, 1, 2)",Infer/complete values in a visual addition table,,https://github.com/ModalMinds/gym-v,zixiao,,,,
Gym-V 5,Binary Matrix,Single-turn / Algorithmic,"Parametric variables (levels 0, 1, 2)",Perform algorithmic reasoning on a visual binary matrix,,https://github.com/ModalMinds/gym-v,zixiao,,,,
Gym-V 6,Circulating Grid,Single-turn / Algorithmic,"Parametric variables (levels 0, 1, 2)",Trace or predict circulating elements within a grid,,https://github.com/ModalMinds/gym-v,zixiao,,,,
Gym-V 7,Coin Square Game,Single-turn / Algorithmic,"Parametric variables (levels 0, 1, 2)",Solve algorithmic states of coins placed on squares,,https://github.com/ModalMinds/gym-v,zixiao,,,,
Gym-V 8,Face Right Way,Single-turn / Algorithmic,"Parametric variables (levels 0, 1, 2)",Determine correct orientation or facing direction visually,,https://github.com/ModalMinds/gym-v,zixiao,,,,
Gym-V 9,Game Of Life,Single-turn / Algorithmic,"Parametric variables (levels 0, 1, 2)",Predict the next state of Conway's Game of Life,,https://github.com/ModalMinds/gym-v,zixiao,,,,
Gym-V 10,Gra Minima Game,Single-turn / Algorithmic,"Parametric variables (levels 0, 1, 2)",Find the local or global minima visually,,https://github.com/ModalMinds/gym-v,zixiao,,,,
Gym-V 11,Grid Bfs,Single-turn / Algorithmic,"Parametric variables (levels 0, 1, 2)",Execute Breadth-First Search logic on a visual grid,,https://github.com/ModalMinds/gym-v,zixiao,,,,
Gym-V 12,Grid Local Minimum Counting,Single-turn / Algorithmic,"Parametric variables (levels 0, 1, 2)",Count the number of local minimums in a grid,,https://github.com/ModalMinds/gym-v,zixiao,,,,
Gym-V 13,Landform Generation Counting,Single-turn / Algorithmic,"Parametric variables (levels 0, 1, 2)",Algorithmic counting related to generated landforms,,https://github.com/ModalMinds/gym-v,zixiao,,,,
Gym-V 14,Langton Ant,Single-turn / Algorithmic,"Parametric variables (levels 0, 1, 2)",Predict the state of Langton's Ant system,,https://github.com/ModalMinds/gym-v,zixiao,,,,
Gym-V 15,Lifegame,Single-turn / Algorithmic,"Parametric variables (levels 0, 1, 2)",Determine states for cellular automaton rules,,https://github.com/ModalMinds/gym-v,zixiao,,,,
Gym-V 16,Matrix Permutation Both Diagonal One,Single-turn / Algorithmic,"Parametric variables (levels 0, 1, 2)",Logic validation of matrix permutations on both diagonals,,https://github.com/ModalMinds/gym-v,zixiao,,,,
Gym-V 17,Matrix Permutation Main Diagonal One,Single-turn / Algorithmic,"Parametric variables (levels 0, 1, 2)",Logic validation of matrix permutations on the main diagonal,,https://github.com/ModalMinds/gym-v,zixiao,,,,
Gym-V 18,Max Grid Path Intersection,Single-turn / Algorithmic,"Parametric variables (levels 0, 1, 2)",Find points or counts of maximal grid path intersections,,https://github.com/ModalMinds/gym-v,zixiao,,,,
Gym-V 19,Monochrome Block Counting,Single-turn / Algorithmic,"Parametric variables (levels 0, 1, 2)",Count contiguous regions of monochrome blocks,,https://github.com/ModalMinds/gym-v,zixiao,,,,
Gym-V 20,New Nim Game,Single-turn / Algorithmic,"Parametric variables (levels 0, 1, 2)",Determine winning moves in a visual Nim-like game,,https://github.com/ModalMinds/gym-v,zixiao,,,,
Gym-V 21,Rotate Matrix,Single-turn / Algorithmic,"Parametric variables (levels 0, 1, 2)",Determine the outcome of rotating a visual matrix,,https://github.com/ModalMinds/gym-v,zixiao,,,,
Gym-V 22,Rotten Oranges,Single-turn / Algorithmic,"Parametric variables (levels 0, 1, 2)",Solve the classic 'rotten oranges' BFS spreading algorithm visually,,https://github.com/ModalMinds/gym-v,zixiao,,,,
Gym-V 23,Spiral Matrix,Single-turn / Algorithmic,"Parametric variables (levels 0, 1, 2)",Parse or reconstruct a matrix traversed in spiral order,,https://github.com/ModalMinds/gym-v,zixiao,,,,
Gym-V 24,Stone Intervals Game,Single-turn / Algorithmic,"Parametric variables (levels 0, 1, 2)",Solve logic based on visual stone placements and intervals,,https://github.com/ModalMinds/gym-v,zixiao,,,,
Gym-V 25,Turing Machine 2d,Single-turn / Algorithmic,"Parametric variables (levels 0, 1, 2)",Predict states of a 2D Turing Machine,,https://github.com/ModalMinds/gym-v,zixiao,,,,
Gym-V 26,Flow Network,Single-turn / Cognition,"Parametric variables (levels 0, 1, 2)",Parse visual representations of flow networks,,https://github.com/ModalMinds/gym-v,zixiao,,,,
Gym-V 27,Hue,Single-turn / Cognition,"Parametric variables (levels 0, 1, 2)",Cognition tasks based on color/hue identification,,https://github.com/ModalMinds/gym-v,zixiao,,,,
Gym-V 28,Maze 3D (Cognition),Single-turn / Cognition,"Parametric variables (levels 0, 1, 2)",Solve or analyze 3D mazes from single visual states,,https://github.com/ModalMinds/gym-v,zixiao,,,,
Gym-V 29,Odd One Out,Single-turn / Cognition,"Parametric variables (levels 0, 1, 2)",Identify the anomaly among given visual items,,https://github.com/ModalMinds/gym-v,zixiao,,,,
Gym-V 30,Rectangle Count,Single-turn / Cognition,"Parametric variables (levels 0, 1, 2)",Count the total number of rectangles visually presented,,https://github.com/ModalMinds/gym-v,zixiao,,,,
Gym-V 31,Rubiks Cube,Single-turn / Cognition,"Parametric variables (levels 0, 1, 2)",Analyze Rubik's Cube configurations or next moves,,https://github.com/ModalMinds/gym-v,zixiao,,,,
Gym-V 32,Sequence Completion,Single-turn / Cognition,"Parametric variables (levels 0, 1, 2)",Complete a visual pattern sequence,,https://github.com/ModalMinds/gym-v,zixiao,,,,
Gym-V 33,Sphinx Utils / Patterns,Single-turn / Cognition,"Parametric variables (levels 0, 1, 2)",Cognitive puzzles relating to sphinx-like tile configurations,,https://github.com/ModalMinds/gym-v,zixiao,,,,
Gym-V 34,Symmetry Fill,Single-turn / Cognition,"Parametric variables (levels 0, 1, 2)",Fill in missing sections based on visual symmetry,,https://github.com/ModalMinds/gym-v,zixiao,,,,
Gym-V 35,Transform Result,Single-turn / Cognition,"Parametric variables (levels 0, 1, 2)",Deduce the result after a visual geometric transformation,,https://github.com/ModalMinds/gym-v,zixiao,,,,
Gym-V 36,Tree To Traversal,Single-turn / Cognition,"Parametric variables (levels 0, 1, 2)",Convert a visually presented tree to its traversal array,,https://github.com/ModalMinds/gym-v,zixiao,,,,
Gym-V 37,Convex Hull,Single-turn / Geometry,"Parametric variables (levels 0, 1, 2)",Identify points or boundary of the convex hull visually,,https://github.com/ModalMinds/gym-v,zixiao,,,,
Gym-V 38,Largest Island,Single-turn / Geometry,"Parametric variables (levels 0, 1, 2)",Visually identify or compute the area of the largest island/cluster,,https://github.com/ModalMinds/gym-v,zixiao,,,,
Gym-V 39,Largest Rectangle Among Points,Single-turn / Geometry,"Parametric variables (levels 0, 1, 2)",Find the largest rectangle that can be formed visually,,https://github.com/ModalMinds/gym-v,zixiao,,,,
Gym-V 40,Ska Rock Garden,Single-turn / Geometry,"Parametric variables (levels 0, 1, 2)",Solve spatial geometry puzzles based on rock garden layouts,,https://github.com/ModalMinds/gym-v,zixiao,,,,
Gym-V 41,Smallest Circle,Single-turn / Geometry,"Parametric variables (levels 0, 1, 2)",Find the smallest enclosing circle for visual points,,https://github.com/ModalMinds/gym-v,zixiao,,,,
Gym-V 42,Sum Triangle Area,Single-turn / Geometry,"Parametric variables (levels 0, 1, 2)",Compute the sum of triangle areas presented visually,,https://github.com/ModalMinds/gym-v,zixiao,,,,
Gym-V 43,Tangram,Single-turn / Geometry,"Parametric variables (levels 0, 1, 2)",Solve geometric assembly puzzles using tangram shapes,,https://github.com/ModalMinds/gym-v,zixiao,,,,
Gym-V 44,Visible Line,Single-turn / Geometry,"Parametric variables (levels 0, 1, 2)",Identify lines of sight or visible lines visually,,https://github.com/ModalMinds/gym-v,zixiao,,,,
Gym-V 45,Fbi Binary Tree,Single-turn / Graphs,"Parametric variables (levels 0, 1, 2)",Analyze graph structure for FBI binary trees,,https://github.com/ModalMinds/gym-v,zixiao,,,,
Gym-V 46,Graph Contain Tree Counting,Single-turn / Graphs,"Parametric variables (levels 0, 1, 2)",Count specific tree structures inside a visual graph,,https://github.com/ModalMinds/gym-v,zixiao,,,,
Gym-V 47,Graph Isomorphism,Single-turn / Graphs,"Parametric variables (levels 0, 1, 2)",Check if two visually presented graphs are isomorphic,,https://github.com/ModalMinds/gym-v,zixiao,,,,
Gym-V 48,Grid Component,Single-turn / Graphs,"Parametric variables (levels 0, 1, 2)",Count or identify connected components on a grid,,https://github.com/ModalMinds/gym-v,zixiao,,,,
Gym-V 49,Hamiltonian Path,Single-turn / Graphs,"Parametric variables (levels 0, 1, 2)",Find or verify a Hamiltonian path in a visual graph,,https://github.com/ModalMinds/gym-v,zixiao,,,,
Gym-V 50,Longest Path,Single-turn / Graphs,"Parametric variables (levels 0, 1, 2)",Identify the longest path in the given visual graph,,https://github.com/ModalMinds/gym-v,zixiao,,,,
Gym-V 51,Maximum Achromatic Number,Single-turn / Graphs,"Parametric variables (levels 0, 1, 2)",Reason about graph coloring to find the maximum achromatic number,,https://github.com/ModalMinds/gym-v,zixiao,,,,
Gym-V 52,Maximum Clique,Single-turn / Graphs,"Parametric variables (levels 0, 1, 2)",Identify the largest complete subgraph (clique),,https://github.com/ModalMinds/gym-v,zixiao,,,,
Gym-V 53,Maximum Independent Set Grid,Single-turn / Graphs,"Parametric variables (levels 0, 1, 2)",Find max independent set on a grid structure,,https://github.com/ModalMinds/gym-v,zixiao,,,,
Gym-V 54,Maximum Independent Set Tree,Single-turn / Graphs,"Parametric variables (levels 0, 1, 2)",Find max independent set on a tree structure,,https://github.com/ModalMinds/gym-v,zixiao,,,,
Gym-V 55,Maximum Weight Matching,Single-turn / Graphs,"Parametric variables (levels 0, 1, 2)",Solve for maximum weight matching visually,,https://github.com/ModalMinds/gym-v,zixiao,,,,
Gym-V 56,Minimum Chromatic Number,Single-turn / Graphs,"Parametric variables (levels 0, 1, 2)",Find the graph's minimum chromatic number,,https://github.com/ModalMinds/gym-v,zixiao,,,,
Gym-V 57,Minimum Directed Spanning Tree,Single-turn / Graphs,"Parametric variables (levels 0, 1, 2)",Find visually the minimum directed spanning tree (arborescence),,https://github.com/ModalMinds/gym-v,zixiao,,,,
Gym-V 58,Minimum Spanning Tree Counting,Single-turn / Graphs,"Parametric variables (levels 0, 1, 2)",Count visual occurrences of minimum spanning trees,,https://github.com/ModalMinds/gym-v,zixiao,,,,
Gym-V 59,Mixed Graph Eulerian Circuit,Single-turn / Graphs,"Parametric variables (levels 0, 1, 2)",Solve or verify Eulerian circuits in mixed graphs,,https://github.com/ModalMinds/gym-v,zixiao,,,,
Gym-V 60,Patrol,Single-turn / Graphs,"Parametric variables (levels 0, 1, 2)",Solve graph patrol routing problems visually,,https://github.com/ModalMinds/gym-v,zixiao,,,,
Gym-V 61,Shortest Path,Single-turn / Graphs,"Parametric variables (levels 0, 1, 2)",Identify shortest path visually on a graph,,https://github.com/ModalMinds/gym-v,zixiao,,,,
Gym-V 62,Tree Center,Single-turn / Graphs,"Parametric variables (levels 0, 1, 2)",Identify the center node(s) of a given tree,,https://github.com/ModalMinds/gym-v,zixiao,,,,
Gym-V 63,Tree Change One Edge Diameter,Single-turn / Graphs,"Parametric variables (levels 0, 1, 2)",Determine diameter changes upon modifying one edge,,https://github.com/ModalMinds/gym-v,zixiao,,,,
Gym-V 64,Tree Coloring,Single-turn / Graphs,"Parametric variables (levels 0, 1, 2)",Evaluate proper visual coloring assignments on trees,,https://github.com/ModalMinds/gym-v,zixiao,,,,
Gym-V 65,Tree Distance Equal Triad Counting,Single-turn / Graphs,"Parametric variables (levels 0, 1, 2)",Find triads with equal distances in a given tree,,https://github.com/ModalMinds/gym-v,zixiao,,,,
Gym-V 66,Tree Even Partitioning,Single-turn / Graphs,"Parametric variables (levels 0, 1, 2)",Analyze graph capability for even partitions,,https://github.com/ModalMinds/gym-v,zixiao,,,,
Gym-V 67,Tree Topological Sequence Counting,Single-turn / Graphs,"Parametric variables (levels 0, 1, 2)",Count topological sequences represented,,https://github.com/ModalMinds/gym-v,zixiao,,,,
Gym-V 68,Weighted Binarytree,Single-turn / Graphs,"Parametric variables (levels 0, 1, 2)",Calculate weights visually over binary trees,,https://github.com/ModalMinds/gym-v,zixiao,,,,
Gym-V 69,Binairo,Single-turn / Logic,"Parametric variables (levels 0, 1, 2)",Solve visual Binairo (Takuzu) logic grid,,https://github.com/ModalMinds/gym-v,zixiao,,,,
Gym-V 70,Binario No Adjacency Requirement,Single-turn / Logic,"Parametric variables (levels 0, 1, 2)",Binairo variant without adjacency rules,,https://github.com/ModalMinds/gym-v,zixiao,,,,
Gym-V 71,Campsite Puzzle,Single-turn / Logic,"Parametric variables (levels 0, 1, 2)",Place campsites on grid based on visual logic,,https://github.com/ModalMinds/gym-v,zixiao,,,,
Gym-V 72,Circuit Logic,Single-turn / Logic,"Parametric variables (levels 0, 1, 2)",Determine outputs based on a logic circuit representation,,https://github.com/ModalMinds/gym-v,zixiao,,,,
Gym-V 73,Futoshiki,Single-turn / Logic,"Parametric variables (levels 0, 1, 2)",Solve visual Futoshiki puzzle logic (inequalities),,https://github.com/ModalMinds/gym-v,zixiao,,,,
Gym-V 74,Grid Parity Construction,Single-turn / Logic,"Parametric variables (levels 0, 1, 2)",Reason about parity rules in a visual grid,,https://github.com/ModalMinds/gym-v,zixiao,,,,
Gym-V 75,Kakurasu,Single-turn / Logic,"Parametric variables (levels 0, 1, 2)",Fill the Kakurasu grid according to row/col rules,,https://github.com/ModalMinds/gym-v,zixiao,,,,
Gym-V 76,Magic Square Puzzle,Single-turn / Logic,"Parametric variables (levels 0, 1, 2)",Construct or solve a visual magic square,,https://github.com/ModalMinds/gym-v,zixiao,,,,
Gym-V 77,Mini Sudoku,Single-turn / Logic,"Parametric variables (levels 0, 1, 2)",Solve smaller scale Sudoku variants visually,,https://github.com/ModalMinds/gym-v,zixiao,,,,
Gym-V 78,N Queens,Single-turn / Logic,"Parametric variables (levels 0, 1, 2)",Identify correct placements for N-Queens problem,,https://github.com/ModalMinds/gym-v,zixiao,,,,
Gym-V 79,Numbrix,Single-turn / Logic,"Parametric variables (levels 0, 1, 2)",Connect numbers orthogonally in sequence,,https://github.com/ModalMinds/gym-v,zixiao,,,,
Gym-V 80,Renzoku,Single-turn / Logic,"Parametric variables (levels 0, 1, 2)",Solve Renzoku grid logic (using adjacency dots),,https://github.com/ModalMinds/gym-v,zixiao,,,,
Gym-V 81,Skyscraper Puzzle,Single-turn / Logic,"Parametric variables (levels 0, 1, 2)",Solve visually using heights/visibility logic,,https://github.com/ModalMinds/gym-v,zixiao,,,,
Gym-V 82,Star Battle,Single-turn / Logic,"Parametric variables (levels 0, 1, 2)",Place stars conforming to region constraints,,https://github.com/ModalMinds/gym-v,zixiao,,,,
Gym-V 83,Survo,Single-turn / Logic,"Parametric variables (levels 0, 1, 2)",Fill the Survo puzzle array correctly,,https://github.com/ModalMinds/gym-v,zixiao,,,,
Gym-V 84,Tents,Single-turn / Logic,"Parametric variables (levels 0, 1, 2)",Determine correct visual tent-tree logic mappings,,https://github.com/ModalMinds/gym-v,zixiao,,,,
Gym-V 85,Thermometers,Single-turn / Logic,"Parametric variables (levels 0, 1, 2)",Analyze logic grids based on filled thermometer counts,,https://github.com/ModalMinds/gym-v,zixiao,,,,
Gym-V 86,Chess Ranger,Single-turn / Puzzles,"Parametric variables (levels 0, 1, 2)",Board puzzle logic inspired by chess mechanics,,https://github.com/ModalMinds/gym-v,zixiao,,,,
Gym-V 87,Eight Digit Puzzle,Single-turn / Puzzles,"Parametric variables (levels 0, 1, 2)",Solve or analyze 8-puzzle configurations,,https://github.com/ModalMinds/gym-v,zixiao,,,,
Gym-V 88,Freecell,Single-turn / Puzzles,"Parametric variables (levels 0, 1, 2)",Assess state or best move in a Freecell game,,https://github.com/ModalMinds/gym-v,zixiao,,,,
Gym-V 89,Jewel2,Single-turn / Puzzles,"Parametric variables (levels 0, 1, 2)",Analyze jewel matching grids,,https://github.com/ModalMinds/gym-v,zixiao,,,,
Gym-V 90,Klo Blocks,Single-turn / Puzzles,"Parametric variables (levels 0, 1, 2)",Analyze sliding/matching block state,,https://github.com/ModalMinds/gym-v,zixiao,,,,
Gym-V 91,Knight Swap,Single-turn / Puzzles,"Parametric variables (levels 0, 1, 2)",Visually analyze knight swap board logic,,https://github.com/ModalMinds/gym-v,zixiao,,,,
Gym-V 92,Maze QA,Single-turn / Puzzles,"Parametric variables (levels 0, 1, 2)",Answer visual query over maze environment,,https://github.com/ModalMinds/gym-v,zixiao,,,,
Gym-V 93,Nine Puzzle,Single-turn / Puzzles,"Parametric variables (levels 0, 1, 2)",State estimation/next moves on a nine grid puzzle,,https://github.com/ModalMinds/gym-v,zixiao,,,,
Gym-V 94,Pacman,Single-turn / Puzzles,"Parametric variables (levels 0, 1, 2)",Identify visual action state within Pacman grid,,https://github.com/ModalMinds/gym-v,zixiao,,,,
Gym-V 95,Pyramidchess,Single-turn / Puzzles,"Parametric variables (levels 0, 1, 2)",Solve variant chess mechanics on pyramid board,,https://github.com/ModalMinds/gym-v,zixiao,,,,
Gym-V 96,Rhythm Game,Single-turn / Puzzles,"Parametric variables (levels 0, 1, 2)",Parse rhythm note sequences visually,,https://github.com/ModalMinds/gym-v,zixiao,,,,
Gym-V 97,Snake,Single-turn / Puzzles,"Parametric variables (levels 0, 1, 2)",Evaluate visual states of the Snake game,,https://github.com/ModalMinds/gym-v,zixiao,,,,
Gym-V 98,Space Invaders,Single-turn / Puzzles,"Parametric variables (levels 0, 1, 2)",Single-turn state observation of Space Invaders mechanics,,https://github.com/ModalMinds/gym-v,zixiao,,,,
Gym-V 99,Spider Solitaire,Single-turn / Puzzles,"Parametric variables (levels 0, 1, 2)",Evaluate state in Spider Solitaire visually,,https://github.com/ModalMinds/gym-v,zixiao,,,,
Gym-V 100,Tetris,Single-turn / Puzzles,"Parametric variables (levels 0, 1, 2)",Identify optimal single-turn placement in Tetris,,https://github.com/ModalMinds/gym-v,zixiao,,,,
Gym-V 101,Tetris Attack,Single-turn / Puzzles,"Parametric variables (levels 0, 1, 2)",Variant visual puzzle state for Tetris Attack,,https://github.com/ModalMinds/gym-v,zixiao,,,,
Gym-V 102,Tictactoe,Single-turn / Puzzles,"Parametric variables (levels 0, 1, 2)",Evaluate tic-tac-toe state/winning move visually,,https://github.com/ModalMinds/gym-v,zixiao,,,,
Gym-V 103,Tower Of Hanoi,Single-turn / Puzzles,"Parametric variables (levels 0, 1, 2)",Identify next logical steps in visual Towers of Hanoi,,https://github.com/ModalMinds/gym-v,zixiao,,,,
Gym-V 104,Tsumego,Single-turn / Puzzles,"Parametric variables (levels 0, 1, 2)",Solve Go life-and-death problems visually,,https://github.com/ModalMinds/gym-v,zixiao,,,,
Gym-V 105,Twiddle Puzzle,Single-turn / Puzzles,"Parametric variables (levels 0, 1, 2)",Analyze a Twiddle puzzle board visually,,https://github.com/ModalMinds/gym-v,zixiao,,,,
Gym-V 106,Ultra Tictactoe,Single-turn / Puzzles,"Parametric variables (levels 0, 1, 2)",Evaluate nested/Ultimate tic-tac-toe states,,https://github.com/ModalMinds/gym-v,zixiao,,,,
Gym-V 107,Word Search,Single-turn / Puzzles,"Parametric variables (levels 0, 1, 2)",Identify string combinations inside visual character grids,,https://github.com/ModalMinds/gym-v,zixiao,,,,
Gym-V 108,Zuma,Single-turn / Puzzles,"Parametric variables (levels 0, 1, 2)",Predict match patterns mimicking Zuma logic visually,,https://github.com/ModalMinds/gym-v,zixiao,,,,
,,,,,,,,,,,
,,,,,,,,,,,
Enigmata_binario,Binario Puzzle,Logic Grid,"grid_size, filled_ratio",Fill a grid with 0s and 1s; no more than two same numbers adjacent; balanced counts per row/col.,,https://github.com/BytedTsinghua-SIA/Enigmata,zixiao,,,,
Enigmata_campsite,Campsite (Tents),Spatial Constraint,"grid_size, num_tents",Place tents near trees; tents cannot touch each other; must match row/col counts.,,https://github.com/BytedTsinghua-SIA/Enigmata,zixiao,,,,
Enigmata_car_painting,Car Painting,Scheduling / Logic,"num_cars, num_colors",Logical sequencing of painting tasks based on constraints and dependencies.,,https://github.com/BytedTsinghua-SIA/Enigmata,zixiao,,,,
Enigmata_checkmate_in_one,Checkmate in One,Game Theory (Chess),board_complexity,Find the single legal move that results in an immediate checkmate.,,https://github.com/BytedTsinghua-SIA/Enigmata,zixiao,,,,
Enigmata_countdown,Countdown,Arithmetic,"num_operands, target",Use a set of numbers and operators to reach a specific target value exactly.,,https://github.com/BytedTsinghua-SIA/Enigmata,zixiao,,,,
Enigmata_crypto_KKA,Cryptarithmetic (KKA),Cipher / Logic,"word_length, num_words",Decipher substitution codes where letters represent distinct digits in an equation.,,https://github.com/BytedTsinghua-SIA/Enigmata,zixiao,,,,
Enigmata_crypto_KPA,Known Plaintext Attack,Cipher / Logic,"hint_length, text_length",Crack a substitution cipher given a partial hint or known segment of plaintext.,,https://github.com/BytedTsinghua-SIA/Enigmata,zixiao,,,,
Enigmata_eight_puzzle,8-Puzzle,Sliding Puzzle,scramble_steps,Transform a 3x3 grid of numbered tiles to a target state via a single empty space.,,https://github.com/BytedTsinghua-SIA/Enigmata,zixiao,,,,
Enigmata_fifteen_puzzle,15-Puzzle,Sliding Puzzle,scramble_steps,A 4x4 version of the sliding tile puzzle; higher search space than 8-puzzle.,,https://github.com/BytedTsinghua-SIA/Enigmata,zixiao,,,,
Enigmata_game24,Game of 24,Arithmetic,difficulty,Use four given integers and basic operators to reach exactly 24.,,https://github.com/BytedTsinghua-SIA/Enigmata,zixiao,,,,
Enigmata_hamiltonian_cycle,Hamiltonian Cycle,Graph Theory,"num_nodes, edge_density",Find a closed loop that visits every vertex in a given graph exactly once.,,https://github.com/BytedTsinghua-SIA/Enigmata,zixiao,,,,
Enigmata_hamiltonian_path,Hamiltonian Path,Graph Theory,"num_nodes, edge_density",Find a path (not necessarily a loop) that visits every vertex exactly once.,,https://github.com/BytedTsinghua-SIA/Enigmata,zixiao,,,,
Enigmata_hitori,Hitori,Logic Grid,grid_size,Eliminate numbers so rows/cols have no duplicates; shaded cells cannot touch.,,https://github.com/BytedTsinghua-SIA/Enigmata,zixiao,,,,
Enigmata_kakurasu,Kakurasu,Logic Grid,grid_size,Select cells such that weighted sums match row and column target clues.,,https://github.com/BytedTsinghua-SIA/Enigmata,zixiao,,,,
Enigmata_knights_and_knaves,Knights & Knaves,Boolean Logic,"num_actors, clue_count",Determine who is a truth-teller or a liar based on their self-referential statements.,,https://github.com/BytedTsinghua-SIA/Enigmata,zixiao,,,,
Enigmata_light_up,Light Up (Akari),Spatial Logic,"grid_size, wall_density",Place bulbs to light all cells; bulbs cannot see each other; obey wall numbers.,,https://github.com/BytedTsinghua-SIA/Enigmata,zixiao,,,,
Enigmata_magic_square,Magic Square,Arithmetic,grid_size,"Arrange numbers in a grid so all rows, columns, and diagonals sum to the same constant.",,https://github.com/BytedTsinghua-SIA/Enigmata,zixiao,,,,
Enigmata_maze,Maze Pathfinding,Spatial / Planning,"grid_size, complexity",Find a valid path from the start to the end point in a 2D grid maze.,,https://github.com/BytedTsinghua-SIA/Enigmata,zixiao,,,,
Enigmata_minesweeper,Minesweeper,Logic / Deduction,"grid_size, num_mines",Identify all mine locations based on numerical counts of adjacent mines.,,https://github.com/BytedTsinghua-SIA/Enigmata,zixiao,,,,
Enigmata_nine_puzzle,9-Puzzle,Sliding Puzzle,scramble_steps,A variation of the 8-puzzle (often 3x3 with specific boundary rules).,,https://github.com/BytedTsinghua-SIA/Enigmata,zixiao,,,,
Enigmata_sixteen_puzzle,16-Puzzle,Sliding Puzzle,scramble_steps,A 4x4 sliding puzzle variation.,,https://github.com/BytedTsinghua-SIA/Enigmata,zixiao,,,,
Enigmata_skyscraper,Skyscraper,Perspective Logic,grid_size,"Fill grid with heights; clues on edges show count of visible ""buildings"" from there.",,https://github.com/BytedTsinghua-SIA/Enigmata,zixiao,,,,
Enigmata_sum_skyscraper,Sum Skyscraper,Perspective Logic,grid_size,Variant where edge clues represent the sum of visible building heights.,,https://github.com/BytedTsinghua-SIA/Enigmata,zixiao,,,,
Enigmata_slant,Slant,Connectivity,grid_size,Draw diagonals in a grid; follow intersection counts; no loops; all white space connected.,,https://github.com/BytedTsinghua-SIA/Enigmata,zixiao,,,,
Enigmata_star_battle,Star Battle,Logic Constraint,"grid_size, num_stars",Place stars in regions; no two stars can touch; fixed star count per row/col.,,https://github.com/BytedTsinghua-SIA/Enigmata,zixiao,,,,
Enigmata_stack_permutation,Stack Permutation,Algorithms,num_elements,Determine if a target sequence can be generated from an input using a single stack.,,https://github.com/BytedTsinghua-SIA/Enigmata,zixiao,,,,
Enigmata_sudoku,Sudoku,Logic Grid,"grid_size, fixed_cells",Standard Sudoku: complete the grid so every row/col/box has unique digits.,,https://github.com/BytedTsinghua-SIA/Enigmata,zixiao,,,,
Enigmata_tic_tac_toe,Tic-Tac-Toe,Game Theory,board_state,Identify the winning move or current game status for a 3x3 grid.,,https://github.com/BytedTsinghua-SIA/Enigmata,zixiao,,,,
Enigmata_twiddle,Twiddle Puzzle,Permutation,"grid_size, rotation_steps",Reach a target configuration by rotating 2x2 sub-grids within a larger grid.,,https://github.com/BytedTsinghua-SIA/Enigmata,zixiao,,,,
Enigmata_zebra_logic,Zebra Logic,Logical Deduction,"num_houses, attributes","Solve the ""Einstein Puzzle"" by mapping multiple attributes to entities using clues.",,https://github.com/BytedTsinghua-SIA/Enigmata,zixiao,,,,
,,,,,,,,,,,
,,,,,,,,,,,
,,,,,,,,,,,
VBVR-G-3,Stable Sort,Perception,"Number of objects, sorting attributes",Maintain relative order while sorting objects,,https://github.com/VBVR-DataFactory,zixiao,,,,
VBVR-G-4,Identify Objects,Perception,"Number of objects, clutter level",Identify and locate specific objects in the scene,,https://github.com/VBVR-DataFactory,zixiao,,,,
VBVR-G-5,Multi Object Placement,Perception,"Grid size, number of objects",Understand spatial placement of multiple objects,,https://github.com/VBVR-DataFactory,zixiao,,,,
VBVR-G-9,Identify Objects In Region,Perception,"Region size, object density",Identify objects within a specific bounded region,,https://github.com/VBVR-DataFactory,zixiao,,,,
VBVR-G-19,Sort Objects By Rule,Perception,"Number of objects, rule complexity",Sort objects according to given custom rules,,https://github.com/VBVR-DataFactory,zixiao,,,,
VBVR-G-22,Attention Shift Same,Perception,"Number of shifts, object similarity",Track attention shift between similar objects,,https://github.com/VBVR-DataFactory,zixiao,,,,
VBVR-G-39,Attention Shift Different,Perception,"Number of shifts, object difference",Track attention shift between different objects,,https://github.com/VBVR-DataFactory,zixiao,,,,
VBVR-G-43,Understand Scene Structure,Perception,"Scene complexity, hierarchy level",Understand overall hierarchical structure of the scene,,https://github.com/VBVR-DataFactory,zixiao,,,,
VBVR-G-54,Connecting Color,Perception,"Number of connections, color variety",Connect objects by matching colors,,https://github.com/VBVR-DataFactory,zixiao,,,,
VBVR-G-132,Find Fragment For Gap Filling,Perception,"Pattern complexity, number of fragments",Identify the correct fragment to fill the gap,,https://github.com/VBVR-DataFactory,zixiao,,,,
VBVR-G-136,Locate Point In Overlapping Area,Perception,"Number of overlapping regions, point density",Locate a specific point in overlapping areas,,https://github.com/VBVR-DataFactory,zixiao,,,,
VBVR-G-137,Identify Figure In Overlapping Area,Perception,Overlap complexity,Identify figure hidden in overlapping areas,,https://github.com/VBVR-DataFactory,zixiao,,,,
VBVR-G-138,Spot Unique Non-Repeated Color,Perception,"Number of objects, color repetition",Find the unique color that appears only once,,https://github.com/VBVR-DataFactory,zixiao,,,,
VBVR-G-141,Identify Polygon With Most Sides,Perception,"Number of polygons, side range",Identify the polygon with the maximum number of sides,,https://github.com/VBVR-DataFactory,zixiao,,,,
VBVR-G-143,Select Box With Most Dots,Perception,"Number of boxes, dot count variation",Select the box containing the most dots,,https://github.com/VBVR-DataFactory,zixiao,,,,
VBVR-G-146,Circle All Squares From Mixed Shapes,Perception,Shape mixture complexity,Identify and mark all squares among mixed shapes,,https://github.com/VBVR-DataFactory,zixiao,,,,
VBVR-G-147,Identify Unique Figure In Uniform Set,Perception,"Set size, feature difference",Find the unique figure in a uniform set,,https://github.com/VBVR-DataFactory,zixiao,,,,
VBVR-G-158,Identify All Hollow Points,Perception,"Point density, hollow ratio",Identify all hollow (unfilled) points,,https://github.com/VBVR-DataFactory,zixiao,,,,
VBVR-G-161,Mark Second Largest Shape,Perception,"Number of shapes, size variation",Identify and mark the second largest shape,,https://github.com/VBVR-DataFactory,zixiao,,,,
VBVR-G-165,Mark Tangent Point After Motion,Perception,"Motion complexity, number of shapes",Mark the tangent point after objects move,,https://github.com/VBVR-DataFactory,zixiao,,,,
VBVR-G-166,Highlight Horizontal Lines,Perception,"Number of lines, orientation mix",Highlight all horizontal lines,,https://github.com/VBVR-DataFactory,zixiao,,,,
VBVR-G-167,Select Longest Polygon Side,Perception,Polygon complexity,Select the longest side among polygons,,https://github.com/VBVR-DataFactory,zixiao,,,,
VBVR-G-168,Identify Nearest To Square Rectangle,Perception,Rectangle variation,Identify rectangle closest to a perfect square,,https://github.com/VBVR-DataFactory,zixiao,,,,
VBVR-G-169,Locate Intersection Of Segments,Perception,Number of line segments,Locate intersection points of line segments,,https://github.com/VBVR-DataFactory,zixiao,,,,
VBVR-G-174,Arrange Circles By Circumference,Perception,"Number of circles, size variation",Arrange circles in order of circumference,,https://github.com/VBVR-DataFactory,zixiao,,,,
VBVR-G-189,Draw Midpoint Perpendicular Line,Perception,"Segment length, angle variation",Draw perpendicular line at the midpoint,,https://github.com/VBVR-DataFactory,zixiao,,,,
VBVR-G-195,Select Nearest 2:1 Rectangle,Perception,Rectangle ratio variation,Select rectangle closest to 2:1 aspect ratio,,https://github.com/VBVR-DataFactory,zixiao,,,,
VBVR-G-198,Mark Right Angled Triangles,Perception,Triangle variety,Mark all right-angled triangles,,https://github.com/VBVR-DataFactory,zixiao,,,,
VBVR-G-199,Locate Line Intersections,Perception,Number of lines,Locate all intersection points of multiple lines,,https://github.com/VBVR-DataFactory,zixiao,,,,
VBVR-G-202,Mark Wave Peaks,Perception,"Wave complexity, noise level",Mark the peaks of wave patterns,,https://github.com/VBVR-DataFactory,zixiao,,,,
VBVR-G-206,Identify Pentagons,Perception,Polygon mix,Identify all pentagons (5-sided),,https://github.com/VBVR-DataFactory,zixiao,,,,
VBVR-G-212,Find Incorrect Arrow Direction,Perception,Number of arrows,Find the arrow pointing in the wrong direction,,https://github.com/VBVR-DataFactory,zixiao,,,,
VBVR-G-218,Identify Largest Angle In Triangle,Perception,Triangle variation,Identify the triangle with the largest angle,,https://github.com/VBVR-DataFactory,zixiao,,,,
VBVR-G-222,Mark Tangent Point Of Circles,Perception,Number of circles,Mark tangent points between circles,,https://github.com/VBVR-DataFactory,zixiao,,,,
VBVR-G-223,Highlight Horizontal Lines,Perception,Line density,Highlight all horizontal lines (variant),,https://github.com/VBVR-DataFactory,zixiao,,,,
VBVR-G-248,Mark Asymmetrical Shape,Perception,Symmetry level,Identify and mark asymmetrical shapes,,https://github.com/VBVR-DataFactory,zixiao,,,,
VBVR-G-250,Color Triple Intersection Red,Perception,Overlap complexity,Color the region where three areas intersect red,,https://github.com/VBVR-DataFactory,zixiao,,,,
VBVR-O-1,Color Mixing,Perception,"Number of colors, mixing rules",Predict result of color mixing,,https://github.com/VBVR-DataFactory,zixiao,,,,
VBVR-O-2,Pigment Color Mixing (Subtractive),Perception,"Pigment types, mixture count",Simulate subtractive pigment color mixing,,https://github.com/VBVR-DataFactory,zixiao,,,,
VBVR-O-16,Color Addition,Perception,"Number of balls, color combinations",Predict resulting color from additive mixing,,https://github.com/VBVR-DataFactory,zixiao,,,,
VBVR-O-17,Color Subtraction,Perception,Color layers,Predict result of color subtraction,,https://github.com/VBVR-DataFactory,zixiao,,,,
VBVR-O-31,Ball Eating,Perception,"Number of balls, eating rules",Simulate ball eating / merging process,,https://github.com/VBVR-DataFactory,zixiao,,,,
VBVR-O-33,Counting Object,Perception,"Object density, occlusion",Accurately count objects,,https://github.com/VBVR-DataFactory,zixiao,,,,
VBVR-O-38,Majority Color,Perception,Color distribution,Identify the majority color in the scene,,https://github.com/VBVR-DataFactory,zixiao,,,,
VBVR-O-65,Animal Size Sorting,Perception,"Animal count, size variation",Sort animals by size,,https://github.com/VBVR-DataFactory,zixiao,,,,
,,,,,,,,,,,
VBVR-G-7,Return To Correct Bin,Abstraction,"Number of objects, bin rules",Return each object to its rule-defined correct bin,,https://github.com/VBVR-DataFactory,zixiao,,,,
VBVR-G-26,Maintain Object Identity,Abstraction,"Transformation level, object count",Maintain object identity across visual changes,,https://github.com/VBVR-DataFactory,zixiao,,,,
VBVR-G-29,Chart Extreme With Data,Abstraction,"Data complexity, chart type",Identify extreme values in visualized data,,https://github.com/VBVR-DataFactory,zixiao,,,,
VBVR-G-37,Symmetry Random,Abstraction,"Pattern size, symmetry degree",Reason about partially random symmetric patterns,,https://github.com/VBVR-DataFactory,zixiao,,,,
VBVR-G-38,Symmetry Shape,Abstraction,Shape complexity,Complete or identify shape symmetry,,https://github.com/VBVR-DataFactory,zixiao,,,,
VBVR-G-41,Grid Highest Cost,Abstraction,"Grid size, cost distribution",Find path with highest total cost in grid,,https://github.com/VBVR-DataFactory,zixiao,,,,
VBVR-G-44,BFS,Abstraction,"Graph/tree size, branching factor",Perform breadth-first search reasoning,,https://github.com/VBVR-DataFactory,zixiao,,,,
VBVR-G-49,Complete Missing Contour Segments,Abstraction,Contour complexity,Complete missing parts of contours,,https://github.com/VBVR-DataFactory,zixiao,,,,
VBVR-G-51,Predict Next Color,Abstraction,"Sequence length, pattern complexity",Predict next color based on observed pattern,,https://github.com/VBVR-DataFactory,zixiao,,,,
VBVR-G-131,Select Next Figure (Increasing Size),Abstraction,"Sequence length, growth rate",Select next figure in increasing size sequence,,https://github.com/VBVR-DataFactory,zixiao,,,,
VBVR-G-133,Select Next Figure (Decreasing Size),Abstraction,"Sequence length, decay rate",Select next figure in decreasing size sequence,,https://github.com/VBVR-DataFactory,zixiao,,,,
VBVR-G-134,Select Next Figure (Large-Small Alternating),Abstraction,Alternation complexity,Select next in large-small alternating sequence,,https://github.com/VBVR-DataFactory,zixiao,,,,
VBVR-G-135,Select Next Figure (Small-Large Alternating),Abstraction,Alternation complexity,Select next in small-large alternating sequence,,https://github.com/VBVR-DataFactory,zixiao,,,,
VBVR-G-193,Draw Next Sized Shape,Abstraction,Size progression rule,Draw the shape with the next size in sequence,,https://github.com/VBVR-DataFactory,zixiao,,,,
VBVR-O-7,Shape Color Change,Abstraction,Color transformation rules,Apply color change rule to shape,,https://github.com/VBVR-DataFactory,zixiao,,,,
VBVR-O-8,Shape Rotation,Abstraction,Rotation angle steps,Apply rotation transformation,,https://github.com/VBVR-DataFactory,zixiao,,,,
VBVR-O-9,Shape Scaling,Abstraction,Scaling factor steps,Apply size scaling transformation,,https://github.com/VBVR-DataFactory,zixiao,,,,
VBVR-O-10,Shape Outline Fill,Abstraction,Style transformation (outline vs fill),Apply outline-to-fill or fill-to-outline change,,https://github.com/VBVR-DataFactory,zixiao,,,,
VBVR-O-11,Shape Color Then Move,Abstraction,Sequential transformation steps,"First color change, then movement",,https://github.com/VBVR-DataFactory,zixiao,,,,
VBVR-O-12,Shape Color Then Scale,Abstraction,Sequential transformation steps,"First color change, then scaling",,https://github.com/VBVR-DataFactory,zixiao,,,,
VBVR-O-13,Shape Outline Then Move,Abstraction,Sequential transformation steps,"First outline change, then movement",,https://github.com/VBVR-DataFactory,zixiao,,,,
VBVR-O-14,Shape Scale Then Outline,Abstraction,Sequential transformation steps,"First scaling, then outline change",,https://github.com/VBVR-DataFactory,zixiao,,,,
VBVR-O-21,Construction Blueprint,Abstraction,Structure complexity,Understand or complete construction blueprint,,https://github.com/VBVR-DataFactory,zixiao,,,,
VBVR-O-29,Ball Color Change,Abstraction,Color rule,Apply color change to balls,,https://github.com/VBVR-DataFactory,zixiao,,,,
VBVR-O-30,Bookshelf,Abstraction,Arrangement rules,Arrange books according to rules,,https://github.com/VBVR-DataFactory,zixiao,,,,
VBVR-O-37,Light Sequence,Abstraction,"Sequence length, activation rules",Understand and continue light activation sequence,,https://github.com/VBVR-DataFactory,zixiao,,,,
VBVR-O-43,Object Subtraction,Abstraction,Number of objects removed,Reason after objects are subtracted,,https://github.com/VBVR-DataFactory,zixiao,,,,
VBVR-O-45,Sequence Completion,Abstraction,Sequence complexity,Complete logical visual sequence,,https://github.com/VBVR-DataFactory,zixiao,,,,
VBVR-O-47,Sliding Puzzle,Abstraction,"Puzzle size (3x3/4x4), scramble level",Solve or simulate sliding tile puzzle,,https://github.com/VBVR-DataFactory,zixiao,,,,
,,,,,,,,,,,
VBVR-G-1,Object Trajectory,Transformation,"Number of objects, path curvature, speed, obstacles, occlusion frequency",Predict or simulate the continuous motion path of moving object(s),,https://github.com/VBVR-DataFactory,zixiao,,,,
VBVR-G-2,Reorder Objects,Transformation,"Number of objects, initial positions, sorting criteria (size/color/shape)",Rearrange objects into a specified target order through motion,,https://github.com/VBVR-DataFactory,zixiao,,,,
VBVR-G-6,Resize Object,Transformation,"Initial size, scale factor, animation steps, shape type",Apply continuous size scaling transformation to an object,,https://github.com/VBVR-DataFactory,zixiao,,,,
VBVR-G-8,Track Object Movement,Transformation,"Speed, direction changes, number of objects, occlusions",Continuously track one or more objects across frames despite interruptions,,https://github.com/VBVR-DataFactory,zixiao,,,,
VBVR-G-11,Handle Object Reappearance,Transformation,"Occlusion duration, reappearance delay, identity persistence",Recognize the same object after it disappears and reappears,,https://github.com/VBVR-DataFactory,zixiao,,,,
VBVR-G-21,Multiple Occlusions Vertical,Transformation,"Number of occluders, vertical stacking, motion direction",Track object visibility changes when moving behind multiple vertical occluders,,https://github.com/VBVR-DataFactory,zixiao,,,,
VBVR-G-24,Separate Objects No Spin,Transformation,"Initial clustering, separation distance, number of objects",Separate overlapping/clustered objects through translation only (no rotation),,https://github.com/VBVR-DataFactory,zixiao,,,,
VBVR-G-25,Separate Object Spinning,Transformation,"Spin speed, separation force, collision elasticity",Objects spin while separating after contact; predict final positions,,https://github.com/VBVR-DataFactory,zixiao,,,,
VBVR-G-34,Object Packing,Transformation,"Container shape, object sizes, packing constraints",Pack multiple objects into a bounded container following spatial rules,,https://github.com/VBVR-DataFactory,zixiao,,,,
VBVR-G-36,Multiple Occlusions Horizontal,Transformation,"Horizontal occluder count, motion path, visibility intervals",Track objects moving horizontally behind layered occluders,,https://github.com/VBVR-DataFactory,zixiao,,,,
VBVR-G-40,Combined Objects Spinning,Transformation,"Combined body shape, spin rate, friction, moment of inertia",Multiple objects merge and rotate together as a single rigid body,,https://github.com/VBVR-DataFactory,zixiao,,,,
VBVR-G-50,Suppress Spurious Edges,Transformation,"Noise level, edge detection threshold, motion blur",Filter out false edges caused by motion or low contrast,,https://github.com/VBVR-DataFactory,zixiao,,,,
VBVR-G-194,Construct Concentric Ring,Transformation,"Number of rings, radius increments, color alternation",Build nested concentric rings with precise radial spacing,,https://github.com/VBVR-DataFactory,zixiao,,,,
VBVR-G-240,Add Borders To Unbordered Shapes,Transformation,"Border thickness, shape complexity, color contrast",Detect and add consistent outlines to shapes without borders,,https://github.com/VBVR-DataFactory,zixiao,,,,
VBVR-O-4,Symbol Substitution,Transformation,"Symbol set size, substitution rule, sequence length",Replace symbols according to a fixed mapping rule,,https://github.com/VBVR-DataFactory,zixiao,,,,
VBVR-O-5,Symbol Deletion,Transformation,"Deletion pattern, sequence complexity, positional randomness",Remove specific symbols from a sequence based on rules,,https://github.com/VBVR-DataFactory,zixiao,,,,
VBVR-O-6,2D Geometric Transformation,Transformation,"Transformation type (rotate/scale/translate), angle, magnitude, steps","Apply affine geometric transformations (rotation, scaling, translation) to shapes",,https://github.com/VBVR-DataFactory,zixiao,,,,
VBVR-O-8,Shape Rotation,Transformation,"Rotation angle steps, sequence complexity",Apply rotation transformation in visual analogy tasks,,https://github.com/VBVR-DataFactory,zixiao,,,,
VBVR-O-9,Shape Scaling,Transformation,"Scaling factor steps, sequence complexity",Apply size scaling transformation in visual analogy tasks,,https://github.com/VBVR-DataFactory,zixiao,,,,
VBVR-O-10,Shape Outline Fill,Transformation,Style change (outline vs filled),Transform shape style between filled and outline,,https://github.com/VBVR-DataFactory,zixiao,,,,
VBVR-O-22,Construction Stack,Transformation,"Block sizes, stacking order, stability constraints",Stack blocks into a stable structure following rules,,https://github.com/VBVR-DataFactory,zixiao,,,,
VBVR-O-27,Move 2 Objects To 2 Targets,Transformation,"Distance, obstacles, movement coordination",Coordinate movement of two objects to reach two distinct targets,,https://github.com/VBVR-DataFactory,zixiao,,,,
VBVR-O-46,Shape Sorter,Transformation,"Number of shapes, sorting attributes (color/shape), slot count",Move and sort colored shapes into matching outline slots,,https://github.com/VBVR-DataFactory,zixiao,,,,
VBVR-O-55,3D Mental Rotation,Transformation,"Rotation angle, voxel structure complexity",Understand and simulate 3D mental rotation of voxel structures,,https://github.com/VBVR-DataFactory,zixiao,,,,
VBVR-O-83,Planar Warp Verification,Transformation,"Warp intensity, grid complexity, homography parameters",Verify or apply planar homography / warp transformations,,https://github.com/VBVR-DataFactory,zixiao,,,,
,,,,,,,,,,,
,,,,,,,,,,,
VBVR-G-27,Read Chart Data Semantic Comprehension,Knowledge,"Chart type, data density, label complexity, semantic ambiguity",Extract and understand semantic meaning from visual chart data,,https://github.com/VBVR-DataFactory,zixiao,,,,
VBVR-G-30,Chart Extreme Without Data,Knowledge,"Chart complexity, visual encoding strength, distractors",Infer maximum/minimum values purely from visual chart representation,,https://github.com/VBVR-DataFactory,zixiao,,,,
VBVR-G-35,Hit Target After Bounce,Knowledge,"Bounce angle, surface type, friction, target position, initial velocity",Predict trajectory after reflection using law of reflection,,https://github.com/VBVR-DataFactory,zixiao,,,,
VBVR-G-48,Multiple Bounces,Knowledge,"Number of bounces, surface variations, damping factor, velocity",Iteratively apply reflection and momentum conservation across multiple bounces,,https://github.com/VBVR-DataFactory,zixiao,,,,
VBVR-G-160,Circle Largest Numerical Value,Knowledge,"Number of values, digit length, visual distractors",Identify and mark the numerically largest value,,https://github.com/VBVR-DataFactory,zixiao,,,,
VBVR-G-162,Locate Twelve O'Clock Arrows,Knowledge,"Number of arrows, orientation variety, occlusions",Identify arrows pointing exactly to the 12 o'clock position,,https://github.com/VBVR-DataFactory,zixiao,,,,
VBVR-G-163,Identify One and Nine,Knowledge,"Font styles, rotation angles, visual similarity",Distinguish digits '1' and '9' under varying visual transformations,,https://github.com/VBVR-DataFactory,zixiao,,,,
VBVR-G-200,Circle Maximum Value,Knowledge,"Value range, number of items, visual noise",Identify and circle the maximum numerical value,,https://github.com/VBVR-DataFactory,zixiao,,,,
VBVR-G-217,Circle Central Dot,Knowledge,"Number of dots, arrangement (row/curve), symmetry",Identify the dot with equal number of dots on both sides (middle by count),,https://github.com/VBVR-DataFactory,zixiao,,,,
VBVR-G-247,Identify Chinese Character,Knowledge,"Character complexity, stroke variation, font style",Recognize a specific Chinese character among distractors,,https://github.com/VBVR-DataFactory,zixiao,,,,
VBVR-G-273,High Density Liquid,Knowledge,"Liquid density variation, object buoyancy, container shape",Apply buoyancy principles (Archimedes_ principle) to predict sinking/floating,,https://github.com/VBVR-DataFactory,zixiao,,,,
VBVR-O-3,Symbol Reordering,Knowledge,"Sequence length, symbol variety, reordering rule complexity",Reorder symbols according to logical or syntactic rules,,https://github.com/VBVR-DataFactory,zixiao,,,,
VBVR-O-15,Ball Bounces Given Time,Knowledge,"Initial height, damping coefficient, time duration",Predict number of bounces or height within a given time (exponential decay),,https://github.com/VBVR-DataFactory,zixiao,,,,
VBVR-O-18,Glass Refraction,Knowledge,"Glass thickness, incidence angle, refractive indices",Predict light path bending using Snell__ Law,,https://github.com/VBVR-DataFactory,zixiao,,,,
VBVR-O-19,Mirror Reflection,Knowledge,"Mirror position/orientation, object placement, multiple mirrors",Predict reflection path using law of reflection,,https://github.com/VBVR-DataFactory,zixiao,,,,
VBVR-O-23,Domino Chain Branch Path Prediction,Knowledge,"Chain length, branch count, trigger points",Predict propagation path in branching domino causal chain,,https://github.com/VBVR-DataFactory,zixiao,,,,
VBVR-O-24,Domino Chain Gap Analysis,Knowledge,"Chain length, gap positions, visual clutter",Identify missing or broken links in a domino sequence,,https://github.com/VBVR-DataFactory,zixiao,,,,
VBVR-O-34,Dot to Dot Task,Knowledge,"Dot count, shape complexity, ordering constraints",Connect dots in correct sequential order to form the target shape,,https://github.com/VBVR-DataFactory,zixiao,,,,
VBVR-O-52,Traffic Light,Knowledge,"Cycle duration, number of lights, synchronization",Understand traffic light state transitions and timing logic,,https://github.com/VBVR-DataFactory,zixiao,,,,
VBVR-O-53,Clock,Knowledge,"Clock type (analog), hand positions, time arithmetic",Interpret or compute time on analog clock (hour/minute hand angles),,https://github.com/VBVR-DataFactory,zixiao,,,,
VBVR-O-62,Gravity Physics,Knowledge,"Mass, initial velocity, gravity strength, air resistance",Simulate parabolic motion and bounces under gravity (Newton__ laws),,https://github.com/VBVR-DataFactory,zixiao,,,,
VBVR-O-75,Communicating Vessels,Knowledge,"Vessel shapes, initial levels, connectivity",Predict equilibrium liquid levels in connected vessels (equal pressure),,https://github.com/VBVR-DataFactory,zixiao,,,,
VBVR-O-87,Fluid Diffusion,Knowledge,"Diffusion rate, concentration gradient, barriers",Simulate and predict fluid (ink) diffusion over time (Fick__ laws),,https://github.com/VBVR-DataFactory,zixiao,,,,
,,,,,,,,,,,
,,,,,,,,,,,
VBVR-G-12,Grid Obtaining Award,Spatiality,"Grid size, number of awards/obstacles, path constraints",Navigate grid to collect awards while avoiding obstacles,,https://github.com/VBVR-DataFactory,zixiao,,,,
VBVR-G-13,Grid Number Sequence,Spatiality,"Grid size, sequence length, pattern complexity",Recognize and continue number patterns arranged in a grid,,https://github.com/VBVR-DataFactory,zixiao,,,,
VBVR-G-14,Grid Color Sequence,Spatiality,"Grid size, sequence length, color variety",Recognize and continue color patterns in a grid,,https://github.com/VBVR-DataFactory,zixiao,,,,
VBVR-G-15,Grid Avoid Obstacles,Spatiality,"Grid size, obstacle density, movement steps",Navigate from start to goal while avoiding obstacles in grid,,https://github.com/VBVR-DataFactory,zixiao,,,,
VBVR-G-16,Grid Go Through Block,Spatiality,"Grid size, block types, passage rules",Find valid path going through specific blocks,,https://github.com/VBVR-DataFactory,zixiao,,,,
VBVR-G-17,Grid Avoid Red Block,Spatiality,"Grid size, red block count, movement constraints",Navigate grid while strictly avoiding red blocks,,https://github.com/VBVR-DataFactory,zixiao,,,,
VBVR-G-18,Grid Shortest Path,Spatiality,"Grid size, number of obstacles, start/goal distance",Find the minimal number of steps from start to goal with obstacles,,https://github.com/VBVR-DataFactory,zixiao,,,,
VBVR-G-31,Directed Graph Navigation,Spatiality,"Graph size, number of nodes/edges, direction constraints",Navigate a directed graph following edge directions,,https://github.com/VBVR-DataFactory,zixiao,,,,
VBVR-G-32,Undirected Graph Navigation,Spatiality,"Graph size, connectivity density, path length",Navigate an undirected graph to reach target node,,https://github.com/VBVR-DataFactory,zixiao,,,,
VBVR-G-33,Visual Jenga,Spatiality,"Tower height, block stability, removal order",Reason about block removal sequence while maintaining spatial stability,,https://github.com/VBVR-DataFactory,zixiao,,,,
VBVR-G-45,Key Door Matching,Spatiality,"Number of keys/doors, matching complexity",Match keys to corresponding doors in spatial layout,,https://github.com/VBVR-DataFactory,zixiao,,,,
VBVR-G-46,Find Keys and Open Doors,Spatiality,"Maze/grid size, number of keys/doors, sequential constraints",Sequentially find keys and use them to open corresponding doors,,https://github.com/VBVR-DataFactory,zixiao,,,,
VBVR-G-47,Multiple Keys For One Door,Spatiality,"Number of keys per door, collection requirements",Collect multiple keys required to open a single door,,https://github.com/VBVR-DataFactory,zixiao,,,,
VBVR-G-140,Locate Topmost Unobscured Figure,Spatiality,"Number of overlapping figures, depth ordering",Identify the topmost figure that is not obscured by others,,https://github.com/VBVR-DataFactory,zixiao,,,,
VBVR-G-219,Select Leftmost Shape,Spatiality,"Number of shapes, horizontal alignment, distractors",Identify and select the leftmost shape in the visual field,,https://github.com/VBVR-DataFactory,zixiao,,,,
VBVR-G-221,Outline Innermost Square,Spatiality,"Number of nested squares, border complexity",Identify and outline the innermost square among concentric shapes,,https://github.com/VBVR-DataFactory,zixiao,,,,
VBVR-O-25,LEGO Construction Assembly,Spatiality,"Number of blocks, assembly steps, spatial constraints",Simulate step-by-step spatial assembly of LEGO-style blocks,,https://github.com/VBVR-DataFactory,zixiao,,,,
VBVR-O-39,Maze,Spatiality,"Maze size, wall density, dead-end complexity",Navigate or solve a maze from start point to exit,,https://github.com/VBVR-DataFactory,zixiao,,,,
VBVR-O-55,Rotation,Spatiality,"Rotation angle steps, 3D structure complexity",Mentally rotate 3D or 2D objects and understand new spatial orientation,,https://github.com/VBVR-DataFactory,zixiao,,,,
VBVR-O-83,Planar Warp Verification,Spatiality,"Warp intensity, grid density, homography parameters",Verify or understand planar warp / perspective transformation,,https://github.com/VBVR-DataFactory,zixiao,,,,
,,,,,,,,,,,
,,,,,, ,,,,,
MIRA 1,Paper Airplane,Causal,Static curated items,Visual chain-of-thought causal reasoning,,https://github.com/aiming-lab/MIRA,zixiao,,,,
MIRA 2,Gear Rotation,Causal,Static curated items,Paired scoring logic: both sub-answers (n.1 and n.2) must be correct to get a score,,https://github.com/aiming-lab/MIRA,zixiao,,,,
MIRA 3,Rolling Dice (Top),Causal,Static curated items,Visual chain-of-thought causal reasoning,,https://github.com/aiming-lab/MIRA,zixiao,,,,
MIRA 4,Rolling Dice (Sum),Causal,Static curated items,Visual chain-of-thought causal reasoning,,https://github.com/aiming-lab/MIRA,zixiao,,,,
MIRA 5,Rolling Dice (Two),Causal,Static curated items,Must correctly predict BOTH the path (red/black/same) and the total sum (int) within a single answer,,https://github.com/aiming-lab/MIRA,zixiao,,,,
MIRA 6,Convex Hull,Geometry,Static curated items,Visual chain-of-thought geometric reasoning,,https://github.com/aiming-lab/MIRA,zixiao,,,,
MIRA 7,Overlap,Geometry,Static curated items,Visual chain-of-thought geometric reasoning,,https://github.com/aiming-lab/MIRA,zixiao,,,,
MIRA 8,Localizer,Geometry,Static curated items,Visual chain-of-thought geometric reasoning,,https://github.com/aiming-lab/MIRA,zixiao,,,,
MIRA 9,Mirror Pattern,Geometry,Static curated items,Visual chain-of-thought geometric reasoning,,https://github.com/aiming-lab/MIRA,zixiao,,,,
MIRA 10,Cubes Count,Geometry,Static curated items,Visual chain-of-thought geometric reasoning,,https://github.com/aiming-lab/MIRA,zixiao,,,,
MIRA 11,Cubes Missing,Geometry,Static curated items,Visual chain-of-thought geometric reasoning,,https://github.com/aiming-lab/MIRA,zixiao,,,,
MIRA 12,Puzzle,Puzzle,Static curated items,Spatial/logical puzzle reasoning,,https://github.com/aiming-lab/MIRA,zixiao,,,,
MIRA 13,Multi-piece Puzzle,Puzzle,Static curated items,Spatial/logical puzzle reasoning,,https://github.com/aiming-lab/MIRA,zixiao,,,,
MIRA 14,Defuse a Bomb,Puzzle,Static curated items,Spatial/logical puzzle reasoning,,https://github.com/aiming-lab/MIRA,zixiao,,,,
MIRA 15,Unfolded Cube,Puzzle,Static curated items,Spatial/logical puzzle reasoning,,https://github.com/aiming-lab/MIRA,zixiao,,,,
MIRA 16,Trailer Cubes Count,Puzzle,Static curated items,Spatial/logical puzzle reasoning,,https://github.com/aiming-lab/MIRA,zixiao,,,,
MIRA 17,Trailer Cubes Missing,Puzzle,Static curated items,Spatial/logical puzzle reasoning,,https://github.com/aiming-lab/MIRA,zixiao,,,,
MIRA 18,Billiards,Physics,Static curated items,Physics-like visual reasoning,,https://github.com/aiming-lab/MIRA,zixiao,,,,
MIRA 19,Electric Charge,Physics,Static curated items,Physics-like visual reasoning,,https://github.com/aiming-lab/MIRA,zixiao,,,,
MIRA 20,Mirror Clock,Physics,Static curated items,Physics-like visual reasoning,,https://github.com/aiming-lab/MIRA,zixiao,,,,
,,,,,,,,,,,
,,,,,, ,,,,,
STARE_2d_transformation,2D Geometric Transformation,Spatial Geometry,"transformation_type (rotate/flip), num_steps","Apply a sequence of 2D transformations (rotation, reflection) to a shape and identify the final orientation.",,https://github.com/STARE-bench/STARE,zixiao,,,,
STARE_cube_nets,Cube Net Folding,3D Spatial Reasoning,"pattern_complexity, face_labels","Determine if a 2D net can be folded into a specific 3D cube, considering face orientations and adjacency.",,https://github.com/STARE-bench/STARE,zixiao,,,,
STARE_folding,Paper Folding (Origami),Spatial Reasoning,"fold_count, perforation_pos","Simulate folding a piece of paper multiple times, punching a hole, and predicting the pattern after unfolding.",,https://github.com/STARE-bench/STARE,zixiao,,,,
STARE_tanagram_puzzle,Tangram Construction,Geometric Composition,"piece_count, target_shape_complexity",Fit a set of geometric primitives (Tanagram pieces) into a target silhouette without overlapping.,,https://github.com/STARE-bench/STARE,zixiao,,,,
STARE_perspective_view,Perspective Reasoning,3D Spatial Reasoning,"camera_angle, object_stack_depth",Predict how a 3D scene appears from a specific specified viewpoint or camera position.,,https://github.com/STARE-bench/STARE,zixiao,,,,
,,,,,,,,,,,
,,,,,, ,,,,,
SynLogic_arrow_maze,Arrow Maze,Spatial Planning,"grid_size, min_steps",Follow arrows in a grid to reach the target; each cell's arrow dictates the next possible move direction.,,https://github.com/MiniMax-AI/SynLogic,zixiao,,,,
SynLogic_boolean_expressions,Boolean Expressions,Logical Deduction,"num_ops, depth","Evaluate complex nested boolean logic (AND, OR, NOT) to determine the final truth value.",,https://github.com/MiniMax-AI/SynLogic,zixiao,,,,
SynLogic_buggy_tables,Buggy Tables,Data Reasoning,"table_size, error_type",Identify and correct numerical or logical inconsistencies within structured data tables based on predefined constraints.,,https://github.com/MiniMax-AI/SynLogic,zixiao,,,,
SynLogic_calcudoko,Calcudoko (KenKen),Arithmetic Logic,"grid_size, ops_variety","Fill a grid so every row/col has unique digits; cages must satisfy specific arithmetic results (+, -, *, /).",,https://github.com/MiniMax-AI/SynLogic,zixiao,,,,
SynLogic_campsite,Campsite,Spatial Constraint,"grid_size, num_trees",Place tents adjacent to trees such that no two tents touch; row/col counts must match clue numbers.,,https://github.com/MiniMax-AI/SynLogic,zixiao,,,,
SynLogic_cryptarithm,Cryptarithmetic,Arithmetic Logic,"num_digits, num_vars",Solve alphametic puzzles where letters represent unique digits that make a mathematical equation true.,,https://github.com/MiniMax-AI/SynLogic,zixiao,,,,
SynLogic_dyck_language,Dyck Language,Formal Logic,"string_length, depth",Determine if a sequence of brackets or symbols is correctly balanced according to formal grammar rules.,,https://github.com/MiniMax-AI/SynLogic,zixiao,,,,
SynLogic_dyck_language_errors,Dyck Language Error Detection,Formal Logic,"error_count, string_length",Identify and localize balancing errors in broken Dyck language strings.,,https://github.com/MiniMax-AI/SynLogic,zixiao,,,,
SynLogic_futoshiki,Futoshiki,Logic Grid,"grid_size, inequality_density",Complete a grid with unique digits in rows/cols while satisfying given greater-than or less-than constraints.,,https://github.com/MiniMax-AI/SynLogic,zixiao,,,,
SynLogic_game_of_24,Game of 24,Arithmetic,difficulty_level,Combine four given numbers using basic operators to reach the result of exactly 24.,,https://github.com/MiniMax-AI/SynLogic,zixiao,,,,
SynLogic_goods_exchange,Goods Exchange,Optimization,"num_items, num_agents",Solve resource allocation and bartering puzzles based on agent preferences and trade values.,,https://github.com/MiniMax-AI/SynLogic,zixiao,,,,
SynLogic_kukurasu,Kakurasu,Logic Grid,grid_size,Shade cells so weighted sums of indices in each row and column match the target clues.,,https://github.com/MiniMax-AI/SynLogic,zixiao,,,,
SynLogic_math_path,Math Path,Arithmetic / Planning,"path_length, ops",Find a path through a grid of numbers and operators that results in a specific target value.,,https://github.com/MiniMax-AI/SynLogic,zixiao,,,,
SynLogic_minesweeper,Minesweeper,Deduction,"grid_size, mine_density",Locate mines on a grid using numerical clues that represent the count of mines in adjacent cells.,,https://github.com/MiniMax-AI/SynLogic,zixiao,,,,
SynLogic_norinori,Norinori,Spatial Logic,"grid_size, region_count",Shade cells in pairs (dominoes); each outlined region must contain exactly two shaded cells.,,https://github.com/MiniMax-AI/SynLogic,zixiao,,,,
SynLogic_number_wall,Number Wall,Arithmetic,"wall_height, base_width",Complete a pyramid-like structure where each brick's value is the sum of the two bricks below it.,,https://github.com/MiniMax-AI/SynLogic,zixiao,,,,
SynLogic_numbrix,Numbrix,Path / Continuity,grid_size,Fill the grid with a continuous sequence of consecutive numbers that connect horizontally or vertically.,,https://github.com/MiniMax-AI/SynLogic,zixiao,,,,
SynLogic_object_counting,Object Counting,Basic Reasoning,"num_objects, distractors",Accurately count specific items or properties described in a textual or structured visual context.,,https://github.com/MiniMax-AI/SynLogic,zixiao,,,,
SynLogic_object_properties,Object Properties,Attribute Logic,num_attributes,"Reason about relationships and attributes (color, shape, size) between multiple objects.",,https://github.com/MiniMax-AI/SynLogic,zixiao,,,,
SynLogic_operation,Mathematical Operation,Arithmetic,complexity,Determine the missing mathematical operators in an equation to make it valid.,,https://github.com/MiniMax-AI/SynLogic,zixiao,,,,
SynLogic_skyscraper_puzzle,Skyscraper,Perspective Logic,grid_size,Place buildings of different heights; clues indicate how many buildings are visible from each side.,,https://github.com/MiniMax-AI/SynLogic,zixiao,,,,
SynLogic_space_reasoning,Spatial Reasoning,Geometry,"num_dims, rotation_steps",Reason about the relative position or orientation of objects after a series of spatial transformations.,,https://github.com/MiniMax-AI/SynLogic,zixiao,,,,
SynLogic_space_reasoning_tree,Spatial Tree Reasoning,Graph / Geometry,"tree_depth, branch_factor",Navigate and reason about hierarchical spatial relationships structured as a tree.,,https://github.com/MiniMax-AI/SynLogic,zixiao,,,,
SynLogic_star_placement_puzzle,Star Battle,Logic Constraint,"grid_size, star_count","Place stars in a grid so each row, column, and region has exactly $N$ stars; no stars touch.",,https://github.com/MiniMax-AI/SynLogic,zixiao,,,,
SynLogic_sudoku,Sudoku,Logic Grid,"grid_size, clue_count","Standard Sudoku: each row, column, and sub-grid must contain all unique digits.",,https://github.com/MiniMax-AI/SynLogic,zixiao,,,,
SynLogic_survo,Survo Puzzle,Arithmetic Logic,grid_size,Fill a grid with numbers $1$ to $m \times n$ so the sums of rows and columns match the given clues.,,https://github.com/MiniMax-AI/SynLogic,zixiao,,,,
SynLogic_time_sequence,Time Sequence,Causal / Temporal,"num_events, interval",Reason about the chronological order and duration of a sequence of events.,,https://github.com/MiniMax-AI/SynLogic,zixiao,,,,
SynLogic_web_of_lies,Web of Lies,Boolean Logic,"num_people, statement_count",Deduce who is telling the truth or lying based on contradictory interpersonal statements.,,https://github.com/MiniMax-AI/SynLogic,zixiao,,,,
SynLogic_word_sorting,Word Sorting,Algorithms,"num_words, word_length",Sort a list of words alphabetically or by specific criteria following precise rules.,,https://github.com/MiniMax-AI/SynLogic,zixiao,,,,
SynLogic_wordscapes,Wordscapes,Language Logic,"num_letters, num_slots",Form valid words from a provided set of letters to fill a crossword-style interlocking grid.,,https://github.com/MiniMax-AI/SynLogic,zixiao,,,,
,,,,,,,,,,,
,,,,,,,,,,,
,,,,,,,,,,,
,,,,,,, ,,,,
iVISPAR 1,SGP (Sliding Geometric Puzzle),Spatial Reasoning / Interactive Multi-modal,"Board size, number of objects (geoms), interference factor, solution paths","Agents interact in an action-perception loop to move geometric objects (e.g., cubes, spheres, pyramids with colors) on a board to match a target configuration based on 2D/3D visual or text states.",,https://github.com/SharkyBamboozle/iVISPAR,zixiao,,,,
iVISPAR 2,STP (Sliding Tile Puzzle),Spatial Reasoning / Interactive Multi-modal,"Board size, number of tiles, solution paths",Agents interact in an action-perception loop to move traditional numbered tiles on a board to achieve the ordered target configuration.,,https://github.com/SharkyBamboozle/iVISPAR,zixiao,,,,
,,,,,,,,,,,
,,,,,,,,,,,
ARC-GEN_007bbfb7,Object Expansion,Abstraction,"scale_factor, num_objects",Identify a seed pixel/object and expand it into a predefined larger geometric pattern.,,https://github.com/google/arc-gen,zixiao,original have 500 task,,,
ARC-GEN_00d62c1b,Pattern Completion,Abstraction,"grid_size, symmetry_type",Complete a partially filled grid by deducing the underlying repetitive or symmetrical pattern.,,https://github.com/google/arc-gen,zixiao,,,,
ARC-GEN_0520fde7,Color Mapping,Logical Transformation,"num_colors, connectivity","Swap colors of specific objects based on their spatial properties (e.g., size or position).",,https://github.com/google/arc-gen,zixiao,,,,
ARC-GEN_08ed6ac7,Path Extension,Spatial Reasoning,"path_length, obstruction_count","Extend a visual ""line"" or ""path"" until it hits a boundary or completes a closed loop.",,https://github.com/google/arc-gen,zixiao,,,,
ARC-GEN_150deff5,Object Sorting,Sorting / Logic,"num_objects, attr_to_sort","Reorder objects in the grid based on visual attributes like area, height, or color intensity.",,https://github.com/google/arc-gen,zixiao,,,,
ARC-GEN_1cf80156,Grid Tiling,Tiling / Symmetry,"tile_size, grid_dims",Use a small sub-grid as a motif to tile the entire larger output grid according to symmetry.,,https://github.com/google/arc-gen,zixiao,,,,
ARC-GEN_3618c87e,Shape Extraction,Perception,"noise_level, overlap_ratio",Identify and move a specific foreground shape to a new grid while ignoring background noise.,,https://github.com/google/arc-gen,zixiao,,,,
ARC-GEN_444801d8,Rotation & Flip,Geometry,"rotation_angle, flip_axis",Apply geometric transformations to a group of pixels to match a provided example.,,https://github.com/google/arc-gen,zixiao,,,,
ARC-GEN_6d58a25d,Dilation & Erosion,Morphology,"kernel_size, iterations",Expand or shrink the boundaries of objects based on neighbor pixel rules.,,https://github.com/google/arc-gen,zixiao,,,,
ARC-GEN_aedd82e4,Gravity Simulation,Physical Intuition,"gravity_direction, collision_rules",Move all floating objects in the grid toward one edge until they stack on each other.,,https://github.com/google/arc-gen,zixiao,,,,
ARC-GEN_feca6190,Logical XOR / Overlay,Boolean Logic,"layer_count, logic_op",Combine two or more input grids using logical operations (AND/OR/XOR) to produce the result.,,https://github.com/google/arc-gen,zixiao,,,,
,,,,,,,,,,,
,,,,,,,,,,,
MM-HELIX_aquarium,Aquarium Puzzle,Logic / Constraint,"width, height",Fill interconnected tanks with water/air; follow row/col water level clues.,,github.com/phoenixz810/mm-helix,zixiao,,,,
MM-HELIX_best_stock,Stock Trading,Optimization,num_days,Find the maximum profit from buying and selling a stock given daily prices.,,github.com/phoenixz810/mm-helix,zixiao,,,,
MM-HELIX_binairo,Binairo (Takuzu),Logic Grid,size,Fill a grid with 0s and 1s; no more than two same digits adjacent; equal 0/1 counts.,,github.com/phoenixz810/mm-helix,zixiao,,,,
MM-HELIX_bridges,Hashiwokakero,Connectivity,"width, height, num_islands",Connect islands with bridges; bridge counts must match island numbers; all connected.,,github.com/phoenixz810/mm-helix,zixiao,,,,
MM-HELIX_calcudoku,Calcudoku,Arithmetic Logic,size,Complete the grid using arithmetic operations within cages; unique digits in rows/cols.,,github.com/phoenixz810/mm-helix,zixiao,,,,
MM-HELIX_campsite,Campsite,Spatial Constraint,"width, height, num_trees",Place tents near trees following row/column clues; tents cannot touch each other.,,github.com/phoenixz810/mm-helix,zixiao,,,,
MM-HELIX_container_water,Max Water Container,Geometric / Algorithmic,num_lines,Find two vertical lines that together with the x-axis forms a container with max water.,,github.com/phoenixz810/mm-helix,zixiao,,,,
MM-HELIX_hills_valleys,Hills and Valleys,Pattern Recognition,num_points,Count the number of hill and valley patterns in a given sequence of elevations.,,github.com/phoenixz810/mm-helix,zixiao,,,,
MM-HELIX_crypto_math,Cryptarithmetic,Arithmetic Logic,"num_digits, num_vars",Solve equations where letters represent unique digits; standard alphametic logic.,,github.com/phoenixz810/mm-helix,zixiao,,,,
MM-HELIX_eulerian_cycle,Eulerian Cycle,Graph Theory,"num_nodes, edge_density",Find a cycle that visits every edge in a directed/undirected graph exactly once.,,github.com/phoenixz810/mm-helix,zixiao,,,,
MM-HELIX_eulerian_path,Eulerian Path,Graph Theory,num_nodes,Find a path that visits every edge exactly once (starts and ends at different nodes).,,github.com/phoenixz810/mm-helix,zixiao,,,,
MM-HELIX_eulero,Eulero Puzzle,Path Planning,size,Navigate a grid following specific move constraints based on Eulerian properties.,,github.com/phoenixz810/mm-helix,zixiao,,,,
MM-HELIX_futoshiki,Futoshiki,Logic Grid,"size, constraint_density",Complete grid with unique digits while obeying provided inequality constraints.,,github.com/phoenixz810/mm-helix,zixiao,,,,
MM-HELIX_h_index,H-Index Calculation,Data Reasoning,num_citations,Calculate the H-index for a researcher based on their citation counts per paper.,,github.com/phoenixz810/mm-helix,zixiao,,,,
MM-HELIX_hamiltonian_cycle,Hamiltonian Cycle,Graph Theory,num_nodes,Find a closed loop that visits every vertex in a graph exactly once.,,github.com/phoenixz810/mm-helix,zixiao,,,,
MM-HELIX_hanoi,Tower of Hanoi,Algorithmic / Planning,num_disks,Move disks between pegs following size constraints to reach a target configuration.,,github.com/phoenixz810/mm-helix,zixiao,,,,
MM-HELIX_hitori,Hitori,Logic Grid,size,Shade cells to eliminate row/col duplicates; shaded cells cannot be adjacent.,,github.com/phoenixz810/mm-helix,zixiao,,,,
MM-HELIX_isomorphism,Graph Isomorphism,Graph Theory,"num_nodes, distortion",Determine if two graph representations are topologically identical.,,github.com/phoenixz810/mm-helix,zixiao,,,,
MM-HELIX_kakuro,Kakuro,Arithmetic Logic,"width, height",Cross-sum puzzle: fill cells so sums match clues; unique digits per segment.,,github.com/phoenixz810/mm-helix,zixiao,,,,
MM-HELIX_kukurasu,Kakurasu,Logic Grid,size,Shade cells so row/col index-weighted sums match goal clues.,,github.com/phoenixz810/mm-helix,zixiao,,,,
MM-HELIX_largest_rect,Largest Rectangle,Geometric / Algorithmic,num_bars,Find the largest rectangular area in a bar-chart style histogram.,,github.com/phoenixz810/mm-helix,zixiao,,,,
MM-HELIX_lis,Longest Increasing Subseq,Algorithmic,seq_length,Find the length of the longest subsequence in an array that is strictly increasing.,,github.com/phoenixz810/mm-helix,zixiao,,,,
MM-HELIX_max_flow,Max Flow Problem,Optimization,"num_nodes, num_edges","Find the maximum amount of ""flow"" that can pass through a network from source to sink.",,github.com/phoenixz810/mm-helix,zixiao,,,,
MM-HELIX_maze,Maze Navigation,Spatial Planning,size,Find a path from start to finish through a randomly generated 2D grid maze.,,github.com/phoenixz810/mm-helix,zixiao,,,,
MM-HELIX_minesweeper,Minesweeper,Deduction,"size, num_mines",Identify mine locations based on adjacent mine count clues.,,github.com/phoenixz810/mm-helix,zixiao,,,,
MM-HELIX_nibbles,Nibbles (Snake Path),Spatial / Planning,"size, food_count",Plan a snake-like path that eats all food items without self-intersection or collisions.,,github.com/phoenixz810/mm-helix,zixiao,,,,
MM-HELIX_nonograms,Nonograms,Logic Grid,"width, height",Reveal a hidden picture by shading grid cells based on row/column run-length clues.,,github.com/phoenixz810/mm-helix,zixiao,,,,
MM-HELIX_numbrix,Numbrix,Path / Continuity,size,Fill a grid with consecutive numbers that form a single continuous horizontal/vertical path.,,github.com/phoenixz810/mm-helix,zixiao,,,,
MM-HELIX_shingoki,Shingoki,Spatial Logic,"width, height",Draw a loop passing through white/black circles with specific segment length rules.,,github.com/phoenixz810/mm-helix,zixiao,,,,
MM-HELIX_shortest_path,Shortest Path,Spatial Planning,"num_nodes, num_edges",Find the path with minimum total weight between two specified nodes in a graph.,,github.com/phoenixz810/mm-helix,zixiao,,,,
MM-HELIX_skyscrapers,Skyscrapers,Perspective Logic,size,Complete grid with heights; edge clues show counts of buildings visible from there.,,github.com/phoenixz810/mm-helix,zixiao,,,,
MM-HELIX_sliding_puzzle,Sliding Tile Puzzle,Permutation,size (3x3/4x4),Slide tiles to reach a goal configuration using a single empty space.,,github.com/phoenixz810/mm-helix,zixiao,,,,
MM-HELIX_snake,Snake Game State,Spatial Planning,size,Predict the next optimal move or game outcome for a specific snake state.,,github.com/phoenixz810/mm-helix,zixiao,,,,
MM-HELIX_sokoban,Sokoban,Spatial Planning,"size, num_boxes",Move a player to push all boxes onto specified target locations in a grid.,,github.com/phoenixz810/mm-helix,zixiao,,,,
MM-HELIX_sudoku,Sudoku,Logic Grid,"size, clues",Standard 9x9 sudoku: fill grid so rows/cols/boxes have unique digits.,,github.com/phoenixz810/mm-helix,zixiao,,,,
MM-HELIX_tapa,Tapa Puzzle,Spatial Logic,"width, height",Shade a continuous wall of cells; numbers in cells indicate adjacent shaded segments.,,github.com/phoenixz810/mm-helix,zixiao,,,,
MM-HELIX_topo_sort,Topological Sort,Graph Theory,num_nodes,"Find a linear ordering of nodes such that for every directed edge $uv$, node $u$ comes before $v$.",,github.com/phoenixz810/mm-helix,zixiao,,,,
MM-HELIX_rain_water,Trapping Rain Water,Geometric,num_bars,Compute how much water a set of bars (elevation map) can trap after raining.,,github.com/phoenixz810/mm-helix,zixiao,,,,
MM-HELIX_twenty_four,24 Points,Arithmetic,difficulty,Use four given integers and operators to reach a result of exactly 24.,,github.com/phoenixz810/mm-helix,zixiao,,,,
MM-HELIX_wordladder,Word Ladder,Language Logic,length,"Transform one word to another by changing one letter at a time, forming valid intermediate words.",,github.com/phoenixz810/mm-helix,zixiao,,,,
MM-HELIX_wordsearch,Word Search,Perception,"size, num_words",Find and locate specific words hidden in a grid of random letters in multiple directions.,,github.com/phoenixz810/mm-helix,zixiao,,,,
,,,,,,,,,,,
,,,,,,,,,,,
,,,,,,,,,,,
,,,,,,,,,,,
KiVA-ROT-01,2D Rotation,Visual Pattern Recognition,"Rotation angle (e.g., 45掳, 90掳, 180掳), initial orientation",Rotating an object around its center point by a specific degree,,https://github.com/ey242/KiVA,zixiao,,,,
KiVA-COL-01,Colour Change,Visual Abstraction,"Color mapping complexity, background transparency",Transforming the primary color of an object to a target color,,https://github.com/ey243/KiVA,zixiao,,,,
KiVA-SIZ-01,Resize,Spatial Reasoning,"Scaling factor (enlarge/shrink), object planarity",Modifying the physical scale of an object while maintaining proportions,,https://github.com/ey244/KiVA,zixiao,,,,
KiVA-REF-01,Reflect,Mirror Symmetry,"Symmetry axis (horizontal/vertical), object achirality",Creating a mirror image of an object across a defined axis,,https://github.com/ey245/KiVA,zixiao,,,,
KiVA-COU-01,Counting,Numerical Reasoning,"Math operation (addition/subtraction), item arrangement",Changing the quantity of objects based on a logical rule,,https://github.com/ey246/KiVA,zixiao,,,,
KiVA-COM-01,Compositionality,Complex Abstraction,"Number of combined domains, randomization level","Applying multiple transformations (e.g., Rotate + Color) simultaneously",,https://github.com/ey247/KiVA,zixiao,,,,
KiVA-EXT-01,Visual Extrapolation,Non-verbal Reasoning,"Pattern sequence, distractor similarity",Predicting the next state in a transformation sequence without verbal cues,,https://github.com/ey248/KiVA,zixiao,,,,
,,,,,,,,,,,
 ,,,,,,,,,,,
,,,,,,,,,,,
PPB-001,Sudoku,Constraint Satisfaction,"Grid size (9x9), clue count, clue distribution","Each row, column, and 3_3 box must contain 1-9 exactly once",,https://github.com/approximatelabs/pencil-puzzle-bench,zixiao, 只有20种方法开源了，应该有94种的,,,
PPB-002,Slitherlink (Slither),Constraint Satisfaction,"Grid size, clue values (0-3)",Draw one single closed loop; numbers show how many sides are used,,https://github.com/approximatelabs/pencil-puzzle-bench,zixiao,,,,
PPB-003,Nurikabe,Constraint Satisfaction,"Grid size, island count & sizes","Shade ""sea"" to separate islands of exact given size; no 2_2 shaded",,https://github.com/approximatelabs/pencil-puzzle-bench,zixiao,,,,
PPB-004,Tapa,Constraint Satisfaction,"Grid size, clue complexity",Clues describe lengths of consecutive shaded blocks around the cell,,https://github.com/approximatelabs/pencil-puzzle-bench,zixiao,,,,
PPB-005,Masyu (Mashu),Constraint Satisfaction,"Grid size, black/white circles","Draw loop: turn at black circles, go straight at white circles",,https://github.com/approximatelabs/pencil-puzzle-bench,zixiao,,,,
PPB-006,Yajilin,Constraint Satisfaction,"Grid size, arrow clues, black cell count",Draw loop + shade cells; arrows indicate black cells in direction,,https://github.com/approximatelabs/pencil-puzzle-bench,zixiao,,,,
PPB-007,Light Up (Akari),Constraint Satisfaction,"Grid size, black cells & bulb clues",Place bulbs to light all cells; numbers show adjacent bulbs,,https://github.com/approximatelabs/pencil-puzzle-bench,zixiao,,,,
PPB-008,Nonogram (Picross),Constraint Satisfaction,"Grid size, row/column clue sequences",Fill cells based on consecutive block lengths per row & column,,https://github.com/approximatelabs/pencil-puzzle-bench,zixiao,,,,
PPB-009,Hitori,Constraint Satisfaction,"Grid size, number distribution",Remove duplicates in rows/columns; unshaded cells not adjacent,,https://github.com/approximatelabs/pencil-puzzle-bench,zixiao,,,,
PPB-010,Kakuro,Constraint Satisfaction,"Grid size, sum clues",Fill digits so runs sum to clue; no repeats in any run,,https://github.com/approximatelabs/pencil-puzzle-bench,zixiao,,,,
PPB-011,Shikaku,Constraint Satisfaction,"Grid size, area clues",Divide into rectangles; each contains one number = its area,,https://github.com/approximatelabs/pencil-puzzle-bench,zixiao,,,,
PPB-012,LITS,Constraint Satisfaction,"Grid size, tetromino rules",Shade L/I/T/S tetrominoes without forming 2_2 shaded blocks,,https://github.com/approximatelabs/pencil-puzzle-bench,zixiao,,,,
PPB-013,Kurodoko,Constraint Satisfaction,"Grid size, number clues",Shade cells; numbers show visible shaded cells in 4 directions,,https://github.com/approximatelabs/pencil-puzzle-bench,zixiao,,,,
PPB-014,Heyawake,Constraint Satisfaction,"Grid size, room clues",Shade cells with room clues; no 3 consecutive shaded in line,,https://github.com/approximatelabs/pencil-puzzle-bench,zixiao,,,,
PPB-015,Shakashaka,Constraint Satisfaction,"Grid size, clue placement",Place black squares & white rectangles satisfying clues,,https://github.com/approximatelabs/pencil-puzzle-bench,zixiao,,,,
PPB-016,Norinori,Constraint Satisfaction,"Grid size, region clues",Shade exactly two adjacent cells in each region,,https://github.com/approximatelabs/pencil-puzzle-bench,zixiao,,,,
PPB-017,Nurimisaki,Constraint Satisfaction,"Grid size, cape & island clues","Form islands with specific ""cape"" (protrusion) rules",,https://github.com/approximatelabs/pencil-puzzle-bench,zixiao,,,,
PPB-018,Nurimaze,Constraint Satisfaction,"Grid size, maze constraints",Create maze-like shaded paths with given rules,,https://github.com/approximatelabs/pencil-puzzle-bench,zixiao,,,,
PPB-019,Sashigane,Constraint Satisfaction,"Grid size, arrow & length clues",Draw L-shaped polyominoes following arrows and lengths,,https://github.com/approximatelabs/pencil-puzzle-bench,zixiao,,,,
PPB-020,Firefly,Constraint Satisfaction,"Grid size, number & arrow clues",Connect fireflies with paths following movement rules,,https://github.com/approximatelabs/pencil-puzzle-bench,zixiao,,,,
,,,,,,,,,,,
,,,,,,,,,,,
PPB-001,Yajilin,Constraint Satisfaction,"Grid size, arrow clue count, black cell density",Draw a single loop and shade cells; arrows indicate the exact number of shaded cells in that direction,,https://github.com/approximatelabs/pencil-puzzle-bench,zixiao, 规则由grok得到,,,
PPB-002,Slitherlink,Constraint Satisfaction,"Grid size, clue values (0-3), clue density",Draw one single closed loop; numbers show how many sides of each cell are used by the loop,,https://github.com/approximatelabs/pencil-puzzle-bench,zixiao, 规则由grok得到,,,
PPB-003,Heyawake,Constraint Satisfaction,"Grid size, room count, room clues",Shade cells per room clues; no three consecutive shaded cells in row or column,,https://github.com/approximatelabs/pencil-puzzle-bench,zixiao, 规则由grok得到,,,
PPB-004,Masyu,Constraint Satisfaction,"Grid size, black & white circle count","Draw a single loop: turn at black circles, go straight at white circles",,https://github.com/approximatelabs/pencil-puzzle-bench,zixiao, 规则由grok得到,,,
PPB-005,Shakashaka,Constraint Satisfaction,"Grid size, clue placement density",Place black squares and white rectangles (including squares) to satisfy clues,,https://github.com/approximatelabs/pencil-puzzle-bench,zixiao, 规则由grok得到,,,
PPB-006,Nurikabe,Constraint Satisfaction,"Grid size, island count and sizes",Shade seas to separate numbered islands of exact given size; no 2_2 shaded blocks,,https://github.com/approximatelabs/pencil-puzzle-bench,zixiao, 规则由grok得到,,,
PPB-007,LITS,Constraint Satisfaction,"Grid size, tetromino constraints","Shade L, I, T, S shaped tetrominoes without forming 2_2 shaded areas",,https://github.com/approximatelabs/pencil-puzzle-bench,zixiao, 规则由grok得到,,,
PPB-008,Light Up (Akari),Constraint Satisfaction,"Grid size, black cells and bulb clues",Place bulbs to illuminate all white cells; no two bulbs light each other,,https://github.com/approximatelabs/pencil-puzzle-bench,zixiao, 规则由grok得到,,,
PPB-009,Nurimisaki,Constraint Satisfaction,"Grid size, island and cape clues",Form islands with specific cape (protrusion) rules,,https://github.com/approximatelabs/pencil-puzzle-bench,zixiao, 规则由grok得到,,,
PPB-010,Shikaku,Constraint Satisfaction,"Grid size, area clues",Divide grid into rectangles; each contains one number equal to its area,,https://github.com/approximatelabs/pencil-puzzle-bench,zixiao, 规则由grok得到,,,
PPB-011,Norinori,Constraint Satisfaction,"Grid size, region clues",Shade exactly two adjacent cells in each region,,https://github.com/approximatelabs/pencil-puzzle-bench,zixiao, 规则由grok得到,,,
PPB-012,Choco (Chocona),Constraint Satisfaction,"Grid size, chocolate block clues",Divide into rectangles containing exactly one number,,https://github.com/approximatelabs/pencil-puzzle-bench,zixiao, 规则由grok得到,,,
PPB-013,Firefly,Constraint Satisfaction,"Grid size, number and arrow clues",Connect fireflies following specific path and movement rules,,https://github.com/approximatelabs/pencil-puzzle-bench,zixiao, 规则由grok得到,,,
PPB-014,Sashigane,Constraint Satisfaction,"Grid size, arrow and length clues",Draw L-shaped polyominoes following arrows and length constraints,,https://github.com/approximatelabs/pencil-puzzle-bench,zixiao, 规则由grok得到,,,
PPB-015,Sudoku,Constraint Satisfaction,"Grid size (9_9), given clue count","Each row, column, and 3_3 box must contain 1-9 exactly once",,https://github.com/approximatelabs/pencil-puzzle-bench,zixiao, 规则由grok得到,,,
PPB-016,Nurimaze,Constraint Satisfaction,"Grid size, maze shading rules",Create maze-like shaded paths with given constraints,,https://github.com/approximatelabs/pencil-puzzle-bench,zixiao, 规则由grok得到,,,
PPB-017,Tapa,Constraint Satisfaction,"Grid size, clue values and complexity",Clues describe lengths of consecutive shaded blocks around the cell,,https://github.com/approximatelabs/pencil-puzzle-bench,zixiao, 规则由grok得到,,,
PPB-018,Kurodoko,Constraint Satisfaction,"Grid size, number clues",Shade cells; numbers indicate visible shaded cells in 4 directions,,https://github.com/approximatelabs/pencil-puzzle-bench,zixiao, 规则由grok得到,,,
PPB-019,Country,Constraint Satisfaction,"Grid size, country clues",Divide grid into regions following country rules,,https://github.com/approximatelabs/pencil-puzzle-bench,zixiao, 规则由grok得到,,,
PPB-020,Hitori,Constraint Satisfaction,"Grid size, number distribution",Eliminate duplicates in rows/columns; unshaded cells not adjacent,,https://github.com/approximatelabs/pencil-puzzle-bench,zixiao, 规则由grok得到,,,
PPB-021,Slalom,Constraint Satisfaction,"Grid size, gate clues",Draw a single path through all gates following direction rules,,https://github.com/approximatelabs/pencil-puzzle-bench,zixiao, 规则由grok得到,,,
PPB-022,Yajikazu,Constraint Satisfaction,"Grid size, arrow and number clues",Combine Yajilin and Kakuro-style constraints,,https://github.com/approximatelabs/pencil-puzzle-bench,zixiao, 规则由grok得到,,,
PPB-023,Kurotto,Constraint Satisfaction,"Grid size, circle clues",Shade cells so circled numbers equal adjacent shaded cells,,https://github.com/approximatelabs/pencil-puzzle-bench,zixiao, 规则由grok得到,,,
PPB-024,Shimaguni,Constraint Satisfaction,"Grid size, island size clues",Form islands where adjacent islands differ by exactly 1 in size,,https://github.com/approximatelabs/pencil-puzzle-bench,zixiao, 规则由grok得到,,,
PPB-025,Reflect,Constraint Satisfaction,"Grid size, mirror clues",Place mirrors and route light beams,,https://github.com/approximatelabs/pencil-puzzle-bench,zixiao, 规则由grok得到,,,
PPB-026,Reflect,Constraint Satisfaction,"Grid size, mirror and light clues",Place mirrors to guide light beams to targets,,https://github.com/approximatelabs/pencil-puzzle-bench,zixiao, 规则由grok得到,,,
PPB-027,Shugaku,Constraint Satisfaction,"Grid size, number and arrow clues",Connect numbers with paths following specific rules,,https://github.com/approximatelabs/pencil-puzzle-bench,zixiao, 规则由grok得到,,,
PPB-028,Five Cells,Constraint Satisfaction,"Grid size, region constraints",Shade or mark exactly five cells per region,,https://github.com/approximatelabs/pencil-puzzle-bench,zixiao, 规则由grok得到,,,
PPB-029,Ayeheya,Constraint Satisfaction,"Grid size, shading clues",Shade cells following Ayeheya-specific rules,,https://github.com/approximatelabs/pencil-puzzle-bench,zixiao, 规则由grok得到,,,
PPB-030,Creek,Constraint Satisfaction,"Grid size, number clues",Shade cells so numbers indicate adjacent shaded cells,,https://github.com/approximatelabs/pencil-puzzle-bench,zixiao, 规则由grok得到,,,
PPB-031,Kakuro,Constraint Satisfaction,"Grid size, sum clues",Fill digits so each run sums to the clue; no repeats in a run,,https://github.com/approximatelabs/pencil-puzzle-bench,zixiao, 规则由grok得到,,,
PPB-032,Herugolf,Constraint Satisfaction,"Grid size, ball and hole clues",Place balls and simulate golf-like movements to holes,,https://github.com/approximatelabs/pencil-puzzle-bench,zixiao, 规则由grok得到,,,
PPB-033,Tasquare,Constraint Satisfaction,"Grid size, area and shape clues",Divide into squares or rectangles with given constraints,,https://github.com/approximatelabs/pencil-puzzle-bench,zixiao, 规则由grok得到,,,
PPB-034,Star Battle,Constraint Satisfaction,"Grid size, star count per row/column",Place stars so no two are adjacent and each row/column has exact count,,https://github.com/approximatelabs/pencil-puzzle-bench,zixiao, 规则由grok得到,,,
PPB-035,Moon or Sun,Constraint Satisfaction,"Grid size, moon/sun clues",Draw a loop separating moon and sun regions,,https://github.com/approximatelabs/pencil-puzzle-bench,zixiao, 规则由grok得到,,,
PPB-036,Simple Loop,Constraint Satisfaction,"Grid size, loop constraints",Draw a single simple closed loop following basic rules,,https://github.com/approximatelabs/pencil-puzzle-bench,zixiao, 规则由grok得到,,,
PPB-037,Stostone,Constraint Satisfaction,"Grid size, stone clues",Place stones following adjacency and counting rules,,https://github.com/approximatelabs/pencil-puzzle-bench,zixiao, 规则由grok得到,,,
PPB-038,Hebi,Constraint Satisfaction,"Grid size, snake length clues",Place snakes of given lengths without touching,,https://github.com/approximatelabs/pencil-puzzle-bench,zixiao, 规则由grok得到,,,
PPB-039,Castle,Constraint Satisfaction,"Grid size, wall and room clues",Build castle walls following visibility or area rules,,https://github.com/approximatelabs/pencil-puzzle-bench,zixiao, 规则由grok得到,,,
PPB-040,Chocona,Constraint Satisfaction,"Grid size, chocolate block clues",Divide into rectangles with one clue per block,,https://github.com/approximatelabs/pencil-puzzle-bench,zixiao, 规则由grok得到,,,
PPB-041,Ring Ring,Constraint Satisfaction,"Grid size, ring connection rules",Connect rings with paths or loops,,https://github.com/approximatelabs/pencil-puzzle-bench,zixiao, 规则由grok得到,,,
PPB-042,Curve Data,Constraint Satisfaction,"Grid size, curve clues",Draw curves following data clues,,https://github.com/approximatelabs/pencil-puzzle-bench,zixiao, 规则由grok得到,,,
PPB-043,Aqre,Constraint Satisfaction,"Grid size, shading constraints",Shade cells following Aqre rules,,https://github.com/approximatelabs/pencil-puzzle-bench,zixiao, 规则由grok得到,,,
PPB-044,Barns,Constraint Satisfaction,"Grid size, barn wall clues",Draw walls to form barns,,https://github.com/approximatelabs/pencil-puzzle-bench,zixiao, 规则由grok得到,,,
PPB-045,Pencils,Constraint Satisfaction,"Grid size, pencil clues",Place pencils following direction and length rules,,https://github.com/approximatelabs/pencil-puzzle-bench,zixiao, 规则由grok得到,,,
PPB-046,Yajilin Regions,Constraint Satisfaction,"Grid size, combined yajilin-region rules",Variant of Yajilin with additional region constraints,,https://github.com/approximatelabs/pencil-puzzle-bench,zixiao, 规则由grok得到,,,
PPB-047,Chained Block,Constraint Satisfaction,"Grid size, chained shading rules",Shade chained blocks with connectivity constraints,,https://github.com/approximatelabs/pencil-puzzle-bench,zixiao, 规则由grok得到,,,
PPB-048,Ripple Effect,Constraint Satisfaction,"Grid size, number placement rules",Place numbers so same numbers are separated by distance equal to value,,https://github.com/approximatelabs/pencil-puzzle-bench,zixiao, 规则由grok得到,,,
PPB-049,Cave,Constraint Satisfaction,"Grid size, number clues",Shade cells so numbers indicate visible shaded cells,,https://github.com/approximatelabs/pencil-puzzle-bench,zixiao, 规则由grok得到,,,
PPB-050,Nanro,Constraint Satisfaction,"Grid size, region and number clues",Place numbers in regions following Nanro rules,,https://github.com/approximatelabs/pencil-puzzle-bench,zixiao, 规则由grok得到,,,
PPB-051,Geradeweg,Constraint Satisfaction,"Grid size, line drawing rules",Draw straight lines between numbers,,https://github.com/approximatelabs/pencil-puzzle-bench,zixiao, 规则由grok得到,,,
PPB-052,Kropki,Constraint Satisfaction,"Grid size, dot clues (black/white)",Fill grid with numbers following kropki dot rules (consecutive or double),,https://github.com/approximatelabs/pencil-puzzle-bench,zixiao, 规则由grok得到,,,
PPB-053,Compass,Constraint Satisfaction,"Grid size, compass clues",Place arrows pointing to nearest clues,,https://github.com/approximatelabs/pencil-puzzle-bench,zixiao, 规则由grok得到,,,
PPB-054,Sukoro,Constraint Satisfaction,"Grid size, number and adjacency rules",Place numbers so they equal adjacent cell count,,https://github.com/approximatelabs/pencil-puzzle-bench,zixiao, 规则由grok得到,,,
PPB-055,Chocolate Banana,Constraint Satisfaction,"Grid size, banana and chocolate clues",Place bananas and chocolates following rules,,https://github.com/approximatelabs/pencil-puzzle-bench,zixiao, 规则由grok得到,,,
PPB-056,Statue Park,Constraint Satisfaction,"Grid size, statue shape clues",Place polyomino statues without touching,,https://github.com/approximatelabs/pencil-puzzle-bench,zixiao, 规则由grok得到,,,
PPB-057,Yin Yang,Constraint Satisfaction,"Grid size, black/white balance rules",Fill grid with black and white circles following connectivity rules,,https://github.com/approximatelabs/pencil-puzzle-bench,zixiao, 规则由grok得到,,,
PPB-058,Guide Arrow,Constraint Satisfaction,"Grid size, arrow guidance rules",Follow arrows to place elements,,https://github.com/approximatelabs/pencil-puzzle-bench,zixiao, 规则由grok得到,,,
PPB-059,Akichi,Constraint Satisfaction,"Grid size, empty land clues",Shade or mark land following Akichi rules,,https://github.com/approximatelabs/pencil-puzzle-bench,zixiao, 规则由grok得到,,,
PPB-060,Nagenawa,Constraint Satisfaction,"Grid size, rope and loop rules",Draw ropes/loops with given constraints,,https://github.com/approximatelabs/pencil-puzzle-bench,zixiao, 规则由grok得到,,,
PPB-061,Putteria,Constraint Satisfaction,"Grid size, putt/golf-like rules",Place putters or simulate golf paths,,https://github.com/approximatelabs/pencil-puzzle-bench,zixiao, 规则由grok得到,,,
PPB-062,Koburin,Constraint Satisfaction,"Grid size, forest and path rules",Draw paths through forest with Koburin rules,,https://github.com/approximatelabs/pencil-puzzle-bench,zixiao, 规则由grok得到,,,
PPB-063,Kouchoku,Constraint Satisfaction,"Grid size, straight line constraints",Draw straight lines between points,,https://github.com/approximatelabs/pencil-puzzle-bench,zixiao, 规则由grok得到,,,
PPB-064,Cocktail,Constraint Satisfaction,"Grid size, layered shading rules",Shade cells in cocktail-style patterns,,https://github.com/approximatelabs/pencil-puzzle-bench,zixiao, 规则由grok得到,,,
PPB-065,Nonogram,Constraint Satisfaction,"Grid size, row & column clue sequences",Fill cells according to consecutive block lengths,,https://github.com/approximatelabs/pencil-puzzle-bench,zixiao, 规则由grok得到,,,
PPB-066,Araf,Constraint Satisfaction,"Grid size, area size clues",Divide into regions with size constraints,,https://github.com/approximatelabs/pencil-puzzle-bench,zixiao, 规则由grok得到,,,
PPB-067,Heteromino,Constraint Satisfaction,"Grid size, polyomino variety rules",Divide into different polyomino shapes,,https://github.com/approximatelabs/pencil-puzzle-bench,zixiao, 规则由grok得到,,,
PPB-068,Ice Walk,Constraint Satisfaction,"Grid size, ice sliding rules",Simulate sliding on ice with direction changes,,https://github.com/approximatelabs/pencil-puzzle-bench,zixiao, 规则由grok得到,,,
PPB-069,Square Jam,Constraint Satisfaction,"Grid size, square placement rules",Place or fill squares following Jam rules,,https://github.com/approximatelabs/pencil-puzzle-bench,zixiao, 规则由grok得到,,,
PPB-070,Pentominous,Constraint Satisfaction,"Grid size, pentomino tiling rules",Tile grid with pentominoes without repetition in regions,,https://github.com/approximatelabs/pencil-puzzle-bench,zixiao, 规则由grok得到,,,
PPB-071,Four Cells,Constraint Satisfaction,"Grid size, 4-cell region rules",Shade or mark exactly four cells per region,,https://github.com/approximatelabs/pencil-puzzle-bench,zixiao, 规则由grok得到,,,
PPB-072,Nikoji,Constraint Satisfaction,"Grid size, symmetric shape rules",Place shapes with symmetry constraints,,https://github.com/approximatelabs/pencil-puzzle-bench,zixiao, 规则由grok得到,,,
PPB-073,Evolmino,Constraint Satisfaction,"Grid size, evolution/mino rules",Place evolving polyomino shapes,,https://github.com/approximatelabs/pencil-puzzle-bench,zixiao, 规则由grok得到,,,
PPB-074,Doppelblock,Constraint Satisfaction,"Grid size, double block clues",Place two blocks per row/column with sum clues,,https://github.com/approximatelabs/pencil-puzzle-bench,zixiao, 规则由grok得到,,,
PPB-075,Dominion,Constraint Satisfaction,"Grid size, territory control rules",Claim areas following Dominion rules,,https://github.com/approximatelabs/pencil-puzzle-bench,zixiao, 规则由grok得到,,,
PPB-076,Circle Square,Constraint Satisfaction,"Grid size, circle and square constraints",Place circles and squares with adjacency rules,,https://github.com/approximatelabs/pencil-puzzle-bench,zixiao, 规则由grok得到,,,
PPB-077,Hashikake (Bridges),Constraint Satisfaction,"Grid size, island and bridge count",Connect islands with exact number of bridges,,https://github.com/approximatelabs/pencil-puzzle-bench,zixiao, 规则由grok得到,,,
PPB-078,Lohkous,Constraint Satisfaction,"Grid size, lohkous-specific rules",Solve using Lohkous puzzle logic,,https://github.com/approximatelabs/pencil-puzzle-bench,zixiao, 规则由grok得到,,,
PPB-079,Coral,Constraint Satisfaction,"Grid size, coral growth rules",Grow coral shapes following rules,,https://github.com/approximatelabs/pencil-puzzle-bench,zixiao, 规则由grok得到,,,
PPB-080,Aquapelago,Constraint Satisfaction,"Grid size, water and land separation",Separate water and land areas with constraints,,https://github.com/approximatelabs/pencil-puzzle-bench,zixiao, 规则由grok得到,,,
PPB-081,Loop SP,Constraint Satisfaction,"Grid size, special loop rules",Draw loop with SP (special) constraints,,https://github.com/approximatelabs/pencil-puzzle-bench,zixiao, 规则由grok得到,,,
PPB-082,No Three,Constraint Satisfaction,"Grid size, no-three-in-line rules",Avoid three consecutive same elements,,https://github.com/approximatelabs/pencil-puzzle-bench,zixiao, 规则由grok得到,,,
PPB-083,Bosanowa,Constraint Satisfaction,"Grid size, bosanowa shading rules",Shade cells following Bosanowa logic,,https://github.com/approximatelabs/pencil-puzzle-bench,zixiao, 规则由grok得到,,,
PPB-084,Tontonbeya,Constraint Satisfaction,"Grid size, tontonbeya region rules",Solve Tontonbeya puzzle constraints,,https://github.com/approximatelabs/pencil-puzzle-bench,zixiao, 规则由grok得到,,,
PPB-085,Norinuri,Constraint Satisfaction,"Grid size, norinuri shading rules",Variant of shading with Norinuri rules,,https://github.com/approximatelabs/pencil-puzzle-bench,zixiao, 规则由grok得到,,,
PPB-086,Lither,Constraint Satisfaction,"Grid size, lither loop rules",Draw lither-style loops,,https://github.com/approximatelabs/pencil-puzzle-bench,zixiao, 规则由grok得到,,,
PPB-087,Fillomino,Constraint Satisfaction,"Grid size, area size clues",Divide grid into regions where size equals the number inside,,https://github.com/approximatelabs/pencil-puzzle-bench,zixiao, 规则由grok得到,,,
PPB-088,CTS,Constraint Satisfaction,"Grid size, cts-specific rules",Solve CTS puzzle type,,https://github.com/approximatelabs/pencil-puzzle-bench,zixiao, 规则由grok得到,,,
PPB-089,Forest Walk,Constraint Satisfaction,"Grid size, forest path rules",Walk through forest following rules,,https://github.com/approximatelabs/pencil-puzzle-bench,zixiao, 规则由grok得到,,,
PPB-090,Water Walk,Constraint Satisfaction,"Grid size, water path rules",Walk on water cells with constraints,,https://github.com/approximatelabs/pencil-puzzle-bench,zixiao, 规则由grok得到,,,
PPB-091,Slash Pack,Constraint Satisfaction,"Grid size, slash and packing rules",Pack slashes or lines,,https://github.com/approximatelabs/pencil-puzzle-bench,zixiao, 规则由grok得到,,,
PPB-092,Coffee Milk,Constraint Satisfaction,"Grid size, coffee/milk separation",Separate coffee and milk regions,,https://github.com/approximatelabs/pencil-puzzle-bench,zixiao, 规则由grok得到,,,
PPB-093,Key West,Constraint Satisfaction,"Grid size, key and west clues",Solve Key West puzzle logic,,https://github.com/approximatelabs/pencil-puzzle-bench,zixiao, 规则由grok得到,,,
PPB-094,Kurarin,Constraint Satisfaction,"Grid size, kurarin rules",Solve Kurarin puzzle constraints,,https://github.com/approximatelabs/pencil-puzzle-bench,zixiao, 规则由grok得到,,,
,,,,,,,,,,,
,,,,,, ,,,,,
OCW_Bingo,Bingo Selection,Perception / Counting,"grid_size, target_icons","Identify and select specific items (e.g., animals, food) from a grid based on instructions.",,https://github.com/MetaAgentX/OpenCaptchaWorld,zixiao,没有直接数据合成方案,,,
OCW_Click_Order,Sequential Click,Causal / Logic,"order_length, icon_similarity",Click on images or characters in a specific chronological or logical order provided in the prompt.,,https://github.com/MetaAgentX/OpenCaptchaWorld,zixiao,没有直接数据合成方案,,,
OCW_Connect_icon,Icon Connection,Relational / Logic,"num_pairs, distractor_density",Connect or match identical/related icons across different sections of the CAPTCHA image.,,https://github.com/MetaAgentX/OpenCaptchaWorld,zixiao,没有直接数据合成方案,,,
OCW_Coordinates,Coordinate Localization,Spatial Perception,"grid_precision, target_size",Provide the exact pixel coordinates or grid IDs for a specific target object within the image.,,https://github.com/MetaAgentX/OpenCaptchaWorld,zixiao,没有直接数据合成方案,,,
OCW_Dart_Count,Dartboard Counting,Counting / Perception,"num_darts, overlap_level","Count the number of darts hitting a board, requiring precise small-object detection.",,https://github.com/MetaAgentX/OpenCaptchaWorld,zixiao,没有直接数据合成方案,,,
OCW_Dice_Count,Dice Face Summation,Arithmetic / Perception,"num_dice, perspective_angle",Identify numbers on multiple dice faces and calculate their total sum or count specific values.,,https://github.com/MetaAgentX/OpenCaptchaWorld,zixiao,没有直接数据合成方案,,,
OCW_Geometry_Click,Geometric Localization,Geometry / Spatial,"shape_types, noise_level","Locate and click on specific geometric primitives (circles, triangles) amidst visual noise.",,https://github.com/MetaAgentX/OpenCaptchaWorld,zixiao,没有直接数据合成方案,,,
OCW_Hold_Button,Dynamic Interaction,Action Planning,"hold_duration, visual_clue","Reasoning about temporal actions, specifically which button to hold and for how long.",,https://github.com/MetaAgentX/OpenCaptchaWorld,zixiao,没有直接数据合成方案,,,
OCW_Image_Matching,Semantic Matching,Perception / Semantics,"num_candidates, semantic_depth",Select the image that semantically matches a reference image or a textual description.,,https://github.com/MetaAgentX/OpenCaptchaWorld,zixiao,没有直接数据合成方案,,,
OCW_Image_Recognition,General Recognition,Perception,"category_count, blur_level","Recognize and label objects within a standard CAPTCHA grid (e.g., ""select all buses"").",,https://github.com/MetaAgentX/OpenCaptchaWorld,zixiao,没有直接数据合成方案,,,
OCW_Misleading_Click,Adversarial Perception,Logical Reasoning,"interference_type, clue_ambiguity",Solve CAPTCHAs where visual clues are intentionally designed to mislead standard AI models.,,https://github.com/MetaAgentX/OpenCaptchaWorld,zixiao,没有直接数据合成方案,,,
OCW_Object_Match,Object Association,Relational Reasoning,pair_complexity,"Find associations between different objects (e.g., lock and key) based on functional logic.",,https://github.com/MetaAgentX/OpenCaptchaWorld,zixiao,没有直接数据合成方案,,,
OCW_Patch_Select,Sub-image Selection,Perception / Detail,"patch_size, resolution",Identify which small patch belongs to a specific part of a larger original image.,,https://github.com/MetaAgentX/OpenCaptchaWorld,zixiao,没有直接数据合成方案,,,
OCW_Path_Finder,Path Planning,Spatial Reasoning,"maze_complexity, path_length","Trace a clear path from a starting point to a destination, avoiding obstacles.",,https://github.com/MetaAgentX/OpenCaptchaWorld,zixiao,没有直接数据合成方案,,,
OCW_Pick_Area,Region Selection,Spatial Perception,"area_boundary, overlapping_regions",Define or select a specific boundary or region within an image based on complex criteria.,,https://github.com/MetaAgentX/OpenCaptchaWorld,zixiao,没有直接数据合成方案,,,
OCW_Place_Dot,Point Localization,Spatial / Precision,target_count,Place dots precisely on specific features of objects or characters in the image.,,https://github.com/MetaAgentX/OpenCaptchaWorld,zixiao,没有直接数据合成方案,,,
OCW_Rotation_Match,Rotational Alignment,Geometry (3D-like),"rotation_angle, symmetry_bias",Identify the correct orientation or rotation required to match a reference object.,,https://github.com/MetaAgentX/OpenCaptchaWorld,zixiao,没有直接数据合成方案,,,
OCW_Select_Animal,Fine-grained Recognition,Perception,"species_variety, occlusion",Specifically identify and select animals within a multi-object visual scene.,,https://github.com/MetaAgentX/OpenCaptchaWorld,zixiao,没有直接数据合成方案,,,
OCW_Slide_Puzzle,Jigsaw Recomposition,Spatial Reasoning,"num_pieces, scramble_level",Determine the movements needed to solve a visual slide puzzle to form a complete image.,,https://github.com/MetaAgentX/OpenCaptchaWorld,zixiao,没有直接数据合成方案,,,
OCW_Unusual_Detection,Outlier Detection,Logical Reasoning,outlier_subtlety,"Detect the ""odd one out"" or an unusual feature that doesn't belong in the visual context.",,https://github.com/MetaAgentX/OpenCaptchaWorld,zixiao,没有直接数据合成方案,,,
,,,,,,, ,,,,
,,,,,, ,,,,,
NGC-001,3D Viewpoint,"Cognitive Gap (G1, G4, G5)","Viewpoint complexity, object occlusion, angle variation",Identify the correct 3D viewpoint or camera angle of the given scene,,https://github.com/MetaAgentX/NextGen-CAPTCHAs,zixiao,,,,
NGC-002,Backmost Layer,Cognitive Gap (G1),"Number of overlapping layers, occlusion density",Identify the backmost (rearmost) layer or object in a stacked scene,,https://github.com/MetaAgentX/NextGen-CAPTCHAs,zixiao,,,,
NGC-003,Box Folding,"Cognitive Gap (G1, G4)","Net complexity, folding steps, 3D structure",Mentally fold a 2D net into the correct 3D box and answer related questions,,https://github.com/MetaAgentX/NextGen-CAPTCHAs,zixiao,,,,
NGC-004,Color Counting,Cognitive Gap (G3),"Number of objects, color variety, distractors",Count the number of objects of a specific color under visual noise,,https://github.com/MetaAgentX/NextGen-CAPTCHAs,zixiao,,,,
NGC-005,Dice Roll Path,"Cognitive Gap (G3, G4, G5)","Dice sequence length, path complexity",Simulate dice rolling path and predict final position or outcome,,https://github.com/MetaAgentX/NextGen-CAPTCHAs,zixiao,,,,
NGC-006,Dynamic Jigsaw,"Cognitive Gap (G2, G4, G5)","Piece count, movement speed, rotation",Solve or understand a dynamically moving jigsaw puzzle,,https://github.com/MetaAgentX/NextGen-CAPTCHAs,zixiao,,,,
NGC-007,Hole Counting,"Cognitive Gap (G1, G3)","Overlapping shapes, hole visibility",Count the number of holes or enclosed areas in overlapping figures,,https://github.com/MetaAgentX/NextGen-CAPTCHAs,zixiao,,,,
NGC-008,Illusory Ribbons,"Cognitive Gap (G1, G3)","Illusion strength, ribbon complexity",Trace or count illusory ribbons / contours,,https://github.com/MetaAgentX/NextGen-CAPTCHAs,zixiao,,,,
NGC-009,Layered Stack,"Cognitive Gap (G1, G3)","Number of layers, stacking density",Analyze layered stack and answer counting or visibility questions,,https://github.com/MetaAgentX/NextGen-CAPTCHAs,zixiao,,,,
NGC-010,Mirror,Cognitive Gap (G1),"Mirror count, reflection complexity",Understand mirror reflections and predict reflected objects,,https://github.com/MetaAgentX/NextGen-CAPTCHAs,zixiao,,,,
NGC-011,Multi Script,Cognitive Gap (G1),"Script variety, text distortion",Recognize or interpret text in multiple scripts / styles,,https://github.com/MetaAgentX/NextGen-CAPTCHAs,zixiao,,,,
NGC-012,Occluded Pattern Counting,"Cognitive Gap (G1, G3)","Occlusion ratio, pattern complexity",Count occluded or partially hidden patterns,,https://github.com/MetaAgentX/NextGen-CAPTCHAs,zixiao,,,,
NGC-013,Red Dot,Cognitive Gap (G5),"Movement speed, trajectory noise, timing",Click or track the moving red dot at the correct time,,https://github.com/MetaAgentX/NextGen-CAPTCHAs,zixiao,,,,
NGC-014,Rotation Match,"Cognitive Gap (G1, G4)","Rotation angle steps, object complexity",Match rotated objects or find the correct rotation,,https://github.com/MetaAgentX/NextGen-CAPTCHAs,zixiao,,,,
NGC-015,Shadow Direction,Cognitive Gap (G1),"Light source variation, shadow complexity",Determine light source direction from shadows,,https://github.com/MetaAgentX/NextGen-CAPTCHAs,zixiao,,,,
NGC-016,Shadow Plausible,Cognitive Gap (G1),"Shadow consistency, scene realism",Judge whether the shadow is physically plausible,,https://github.com/MetaAgentX/NextGen-CAPTCHAs,zixiao,,,,
NGC-017,Spooky Circle,Cognitive Gap (G2),"Circle count, temporal change rate",Detect appearing/disappearing circles across frames,,https://github.com/MetaAgentX/NextGen-CAPTCHAs,zixiao,,,,
NGC-018,Spooky Circle Grid,"Cognitive Gap (G2, G3)","Grid size, temporal dynamics",Count or track circles in a dynamic grid over time,,https://github.com/MetaAgentX/NextGen-CAPTCHAs,zixiao,,,,
NGC-019,Spooky Jigsaw,"Cognitive Gap (G2, G4, G5)","Piece movement, temporal coherence",Solve or understand a temporally changing jigsaw,,https://github.com/MetaAgentX/NextGen-CAPTCHAs,zixiao,,,,
NGC-020,Spooky Shape Grid,Cognitive Gap (G2),"Grid size, shape transformation",Track changing shapes in a grid over time,,https://github.com/MetaAgentX/NextGen-CAPTCHAs,zixiao,,,,
NGC-021,Spooky Size,"Cognitive Gap (G2, G5)","Size change rate, temporal sequence",Identify size-changing objects or patterns over time,,https://github.com/MetaAgentX/NextGen-CAPTCHAs,zixiao,,,,
NGC-022,Spooky Text,Cognitive Gap (G2),Text transformation speed,Read or understand text that appears/disappears dynamically,,https://github.com/MetaAgentX/NextGen-CAPTCHAs,zixiao,,,,
NGC-023,Static Jigsaw,"Cognitive Gap (G4, G5)","Piece count, rotation freedom",Solve a static jigsaw puzzle,,https://github.com/MetaAgentX/NextGen-CAPTCHAs,zixiao,,,,
NGC-024,Structure From Motion,Cognitive Gap (G2),"Frame count, motion complexity",Reconstruct 3D structure from motion sequence,,https://github.com/MetaAgentX/NextGen-CAPTCHAs,zixiao,,,,
NGC-025,Subway Paths,"Cognitive Gap (G3, G4)","Map complexity, path length",Count or track paths in a subway-style map,,https://github.com/MetaAgentX/NextGen-CAPTCHAs,zixiao,,,,
NGC-026,Temporal Object Continuity,"Cognitive Gap (G2, G4)","Occlusion duration, object count",Track object identity across occlusions over time,,https://github.com/MetaAgentX/NextGen-CAPTCHAs,zixiao,,,,
NGC-027,Trajectory Recovery,"Cognitive Gap (G2, G4)","Point count, noise level, missing frames",Recover or predict missing parts of a moving trajectory,,https://github.com/MetaAgentX/NextGen-CAPTCHAs,zixiao,,,,
,,,,,,,,,,,
Seed ID,Task,Categories,Difficulty Vars,Rules,,Paper,,,,,
VT-001,AlphaMaze (Standard),Visual-Spatial Reasoning,"Maze size (rows _ cols), wall density, path length, branching factor","Reconstruct mental map from text token representation and output correct sequence of movement tokens (<up>, <down>, <left>, <right>) from origin to target",,https://github.com/janhq/visual-thinker,zixiao,,,,
VT-002,AlphaMaze with Reset,Visual-Spatial Reasoning + Strategic Planning,"Maze size, dead-end frequency, reset requirement, path complexity","Same as standard AlphaMaze, but must detect dead-ends and output reset action then explore alternative paths",,https://github.com/janhq/visual-thinker,zixiao,,,,
VT-003,MazeBench Evaluation,Benchmark,"Maze size range, difficulty levels (easy/medium/hard), number of test cases",Standardized evaluation of LLM maze-solving capability using text-based maze descriptions; measures success rate and reasoning quality,,https://github.com/janhq/visual-thinker,zixiao,,,,
VT-004,Maze-Reasoning SFT,Training Task,"Number of training examples (570k), maze complexity distribution",Supervised Fine-Tuning on text maze descriptions to learn movement sequence prediction,,https://github.com/janhq/visual-thinker,zixiao,,,,
VT-005,Maze-Reasoning-Reset SFT,Training Task,"Number of examples (470k), reset scenario ratio",SFT with explicit reset actions to teach strategic backtracking after dead-ends,,https://github.com/janhq/visual-thinker,zixiao,,,,
VT-006,Maze-Reasoning GRPO,Training Task (RL),"Number of examples (180k), policy optimization parameters",Group Relative Policy Optimization to improve long-term maze solving strategy,,https://github.com/janhq/visual-thinker,zixiao,,,,
,,,,,,,,,,,
,,,,,,,,,,,
Deepseek_counting,Counting,,, 为构建约一万个用于计数任务的高质量冷启动样本 ，研究团队将数据分为粗粒度与细粒度两类进行针对性处理 ：针对粗粒度计数，团队整合并严格筛选了多个公开的密集检测数据集 ，利用多模态大模型生成包含“意图分析、批量定位提取视觉基元、统计求和”的三步思维链，并辅以严格的坐标和数值验证以消除训练噪音 ；针对缺乏现成开源数据的细粒度计数，团队则借助GQA数据集的场景图元数据自主生成带有特定属性或空间约束的问答对 ，要求模型采取“顺序扫描”的策略逐一核对目标对象是否满足条件 ，并特意引入真实计数为零的负样本来有效增强模型抵抗幻觉的能力 。  ,,,zixiao,,,,
Deepseek_VQA,Spatial Reasoning and General Visual QA,,, 在合成场景的数据构造中，研究团队利用 CLEVR 工具链生成多跳推理数据，并将 3D 物体坐标投影为 2D 边界框以监督视觉基元的生成 。基于渲染图像、场景图、问答及执行轨迹等信息，他们引导多模态大模型合成包含意图分析、任务分解和多跳锚定推理的思维链 ；同时，为了提升模型的可靠性，团队还专门构造了查询对象或关系不存在的负样本，以此训练模型基于真实的视觉证据给出“忠实的拒绝”，从而避免生成捏造的回答 。  ,,,zixiao,,,,
Deepseek_maze,Maze Navigation,,,为了提升模型在拓扑推理方面的能力，研究团队针对迷宫导航任务合成了约46万个难度各异的冷启动样本，以训练模型将“点”作为视觉基元进行思考 。在设计上，团队利用DFS、Prim和Kruskal算法生成了包含矩形网格、圆形和蜂窝状等拓扑结构的复杂迷宫，并通过在正确路径中段隐蔽地添加墙壁来构造不可解的负样本，同时应用了多样的视觉干扰样式以防止模型过拟合 。任务难度通过改变网格大小来精确控制，并辅以最低分辨率限制，确保挑战核心在于推理深度而非视觉辨识度 。最终，研究者通过设计自然语言模板，将基于DFS的探索步骤（如检查连通性、前进、死胡同回溯等）显式地转化为带有图像坐标点的思维链，从而监督模型在判断迷宫是否可解及输出路径之前，真正学会利用视觉基元进行连贯的逻辑推演 。,,,zixiao,,,,
Deepseek_Path,Path Tracing,,,为了进一步增强模型跨场景利用视觉基元进行推理的能力，研究团队另设计了路径追踪任务，利用程序生成的贝塞尔曲线缠绕图像，要求模型追踪指定曲线并识别终点。该任务的核心挑战在于交点处的歧义消除，迫使模型利用局部几何连续性来判断路径续接，同时排除了终点重叠干扰，并设计了同质化视觉模式以排除颜色干扰，确保模型真正内化了路径追踪能力。任务难度随线条数量和曲率幅度的增加而提升，且所有视觉样式均随机化处理。最终，团队将路径追踪过程显式地表示为一系列沿目标曲线采样的坐标序列，并确保坐标点的密度根据线条几何形状进行动态自适应调整——简单路段点稀、复杂或交叉区域点密，以此模拟人类的注意力模式，总计生成了12.5万个不同难度的冷启动样本。,,,zixiao,,,,
,,,,,,,,,,,
,,,,,,,,,,,
Seed ID,Task,Categories,Difficulty Vars,Rules,,paper, ,,,,
grilops_akari,Light Up (Akari),Spatial / Constraint,"height, width, black_cell_density",Place light bulbs to illuminate all white cells; bulbs cannot see each other; numbers on black cells count adjacent bulbs.,,https://github.com/obijywk/grilops,yichen,,,,
grilops_aquarium,Aquarium,Logic / Fluid,"height, width",Fill tank sections with water/air; follow row/column water level clues; sections fill completely horizontally.,,https://github.com/obijywk/grilops,yichen,,,,
grilops_araf,Araf,Geometry / Partition,"height, width, num_clues",Divide the grid into regions; each region contains exactly two clues; the area must be between the two clue values.,,https://github.com/obijywk/grilops,yichen,,,,
grilops_battleship,Battleship,Logic Grid,"height, width, ship_fleet",Place a fleet of ships in the grid; ships cannot touch; row/column clues indicate the number of occupied cells.,,https://github.com/obijywk/grilops,yichen,,,,
grilops_castle_wall,Castle Wall,Spatial / Path,"height, width",Draw a single closed loop; clues inside/outside indicate the total length of segments in specific directions or cell types.,,https://github.com/obijywk/grilops,yichen,,,,
grilops_cave,Cave (Bag),Spatial / Visibility,"height, width","Shade cells to form a single ""cave"" area; all clues must be inside and indicate the number of visible cave cells.",,https://github.com/obijywk/grilops,yichen,,,,
grilops_fillomino,Fillomino,Logic / Polyomino,"height, width",Partition the grid into polyominoes; each cell contains the size of its polyomino; regions of the same size cannot touch.,,https://github.com/obijywk/grilops,yichen,,,,
grilops_gokigen,Gokigen Naname,Spatial / Topology,"height, width",Draw diagonal lines in each cell; numbers at vertices indicate the number of connected lines; no loops allowed.,,https://github.com/obijywk/grilops,yichen,,,,
grilops_killer_sudoku,Killer Sudoku,Arithmetic Logic,"size, cage_count",Standard Sudoku rules + cages; digits in a cage must sum to the clue and be unique within the cage.,,https://github.com/obijywk/grilops,yichen,,,,
grilops_kuromasu,Kuromasu,Spatial / Visibility,"height, width",Shade cells (black); black cells cannot be adjacent; white cells must connect; clues show visible white cells in line-of-sight.,,https://github.com/obijywk/grilops,yichen,,,,
grilops_lits,LITS,Logic / Polyomino,"height, width, regions","Place one tetromino (L, I, T, S) in each region; same shapes cannot touch; all shapes must connect; no 2x2 shaded areas.",,https://github.com/obijywk/grilops,yichen,,,,
grilops_masyu,Masyu,Path / Connectivity,"height, width",Draw a loop through all circles; white circles must be passed through straight; black circles must be corners.,,https://github.com/obijywk/grilops,yichen,,,,
grilops_nanro,Nanro,Logic / Partition,"height, width, regions",Fill cells with numbers; a region contains $N$ cells filled with number $N$; same numbers cannot touch across boundaries.,,https://github.com/obijywk/grilops,yichen,,,,
grilops_numberlink,Numberlink,Path Planning,"height, width, pairs",Connect pairs of identical numbers with non-intersecting paths; usually requires every cell to be filled.,,https://github.com/obijywk/grilops,yichen,,,,
grilops_nurikabe,Nurikabe,Logic / Topology,"height, width",Shade cells (ocean) so all are connected; unshaded (islands) contain one clue; island size must match clue; no 2x2 shaded.,,https://github.com/obijywk/grilops,yichen,,,,
grilops_shakashaka,Shakashaka,Geometry / Partition,"height, width",Place triangles in cells to form white rectangles; clues indicate adjacent triangle counts.,,https://github.com/obijywk/grilops,yichen,,,,
grilops_shikaku,Shikaku,Geometry / Partition,"height, width",Divide grid into rectangles; each contains one clue number representing the area of that rectangle.,,https://github.com/obijywk/grilops,yichen,,,,
grilops_skyscraper,Skyscraper,Perspective Logic,size,Fill grid with heights; edge clues show the number of visible buildings in that row/column from that direction.,,https://github.com/obijywk/grilops,yichen,,,,
grilops_slitherlink,Slitherlink,Path / Connectivity,"height, width",Connect adjacent dots to form a single loop; clues inside cells indicate the number of segments surrounding them.,,https://github.com/obijywk/grilops,yichen,,,,
grilops_star_battle,Star Battle,Logic Constraint,"size, star_count","Place stars in regions; no two stars touch; each row, column, and region contains $N$ stars.",,https://github.com/obijywk/grilops,yichen,,,,
grilops_sudoku,Sudoku,Logic Grid,size,"Standard 9x9 Sudoku: rows, columns, and 3x3 boxes must contain all digits 1-9 uniquely.",,https://github.com/obijywk/grilops,yichen,,,,
grilops_tapa,Tapa,Spatial / Connectivity,"height, width",Shade cells to form a connected wall; no 2x2 shaded; clues show lengths of consecutive shaded blocks around a cell.,,https://github.com/obijywk/grilops,yichen,,,,
grilops_yajilin,Yajilin,Path / Visibility,"height, width",Shade cells (black) and draw a loop; black cells cannot touch; clues indicate black cells in a direction.,,https://github.com/obijywk/grilops,yichen,,,,
,,,,,,,,,,,
,,,,,,,,,,,
,,,,,,,,,,,
Seed ID,Task,Categories,Difficulty Vars,Rules,,papper, ,,,,
BL-FF-01,Freeform Shape,Context-dependent Perception,"Number of action strokes, shape complexity",Generating abstract shapes using a fixed number of basic strokes,,https://github.com/nvlabs/bongard-logo,yichen,,,,
BL-BA-01,Basic Shape Synthesis,Geometric Composition,"Combinatorial space of shapes, orientation","Combining primary geometric primitives (circle, square, etc.) into composite objects",,https://github.com/nvlabs/bongard-logo,yichen,,,,
BL-AB-01,Abstract Concept,Conceptual Reasoning,"Abstraction level, distractor similarity","Identifying high-level concepts like ""convexity"", ""concavity"", or ""alignment""",,https://github.com/nvlabs/bongard-logo,yichen,,,,
BL-SD-01,Shape Discrimination,Visual Discrimination,"stroke thickness, texture (zigzag/circle/line)",Discriminating shapes based on fine-grained visual properties,,https://github.com/nvlabs/bongard-logo,yichen,,,,
BL-CO-01,Combinatorial Logic,Logical Reasoning,"Number of objects, spatial relations","Applying logical rules (e.g., ""exist triangle"") to group generation",,https://github.com/nvlabs/bongard-logo,yichen,,,,
BL-TR-01,Transformation,Algebraic Reasoning,"Transformation type (translation, rotation, mirror)",Applying geometric transformations to maintain or break group consistency,,https://github.com/nvlabs/bongard-logo,yichen,,,,
,,,,,,,,,,,
,,,,,,,,,,,
Seed ID,Task,Categories,Difficulty Vars,Rules,,papper, ,,,,
CVR 1,task_shape,Elementary / Shape,Parametric variables,The images contain objects of the same shape.,,https://github.com/serre-lab/CVR,yichen,,,,
CVR 2,task_pos,Elementary / Position,Parametric variables,The images contain objects in the same position.,,https://github.com/serre-lab/CVR,yichen,,,,
CVR 3,task_size,Elementary / Size,Parametric variables,The images contain objects of the same size.,,https://github.com/serre-lab/CVR,yichen,,,,
CVR 4,task_color,Elementary / Color,Parametric variables,The images contain objects of the same color.,,https://github.com/serre-lab/CVR,yichen,,,,
CVR 5,task_rot,Elementary / Rotation,Parametric variables,The images contain objects of the same shape with different rotations.,,https://github.com/serre-lab/CVR,yichen,,,,
CVR 6,task_flip,Elementary / Flip,Parametric variables,The images contain objects of the same shape with different flips.,,https://github.com/serre-lab/CVR,yichen,,,,
CVR 7,task_count,Elementary / Count,Parametric variables,The images contain the same number of objects.,,https://github.com/serre-lab/CVR,yichen,,,,
CVR 8,task_inside,Elementary / Inside,Parametric variables,The images contain an object inside another object.,,https://github.com/serre-lab/CVR,yichen,,,,
CVR 9,task_contact,Elementary / Contact,Parametric variables,The images contain an object in contact with another object.,,https://github.com/serre-lab/CVR,yichen,,,,
CVR 10,task_sym_rot,Elementary / Symmetry,Parametric variables,The images contain 2 objects in a rotational symmetry around a center indicated by a third small object.,,https://github.com/serre-lab/CVR,yichen,,,,
CVR 11,task_sym_mir,Elementary / Symmetry,Parametric variables,The images contain 2 objects in a mirror symmetry.,,https://github.com/serre-lab/CVR,yichen,,,,
CVR 12,task_pos_pos_1,Compositional / Position,Parametric variables,The images contain a set of objects that have the same spatial configuration.,,https://github.com/serre-lab/CVR,yichen,,,,
CVR 13,task_pos_pos_2,Compositional / Position,Parametric variables,Each image contains 2 sets of objects that have the same spatial configuration.,,https://github.com/serre-lab/CVR,yichen,,,,
CVR 14,task_pos_count_2,Compositional / Pos+Count,Parametric variables,The images contain a sets of objects that are aligned. The number of objects in the set is the same.,,https://github.com/serre-lab/CVR,yichen,,,,
CVR 15,task_pos_count_1,Compositional / Pos+Count,Parametric variables,"In each image, the relationship between the number of objects on one side and the number of objects on the other side is the same. For example, if the number of objects on the left is always bigger than the number of objects on the right.",,https://github.com/serre-lab/CVR,yichen,,,,
CVR 16,task_pos_pos_4,Compositional / Position,Parametric variables,The images contain 3 sets of objects that have the same spatial configuration.,,https://github.com/serre-lab/CVR,yichen,,,,
CVR 17,task_inside_inside_1,Compositional / Inside,Parametric variables,"Each image contains 3 objects. In all images, 1 object contains the 2 other objects.",,https://github.com/serre-lab/CVR,yichen,,,,
CVR 18,task_inside_inside_2,Compositional / Inside,Parametric variables,"In each image, one object contains all the other objects.",,https://github.com/serre-lab/CVR,yichen,,,,
CVR 19,task_pos_inside_3,Compositional / Pos+Inside,Parametric variables,Objects that contain objects are always on the same side of the image.,,https://github.com/serre-lab/CVR,yichen,,,,
CVR 20,task_pos_inside_1,Compositional / Pos+Inside,Parametric variables,"In each image, an object contains another object. The inner object is always on the same side of the outer object.",,https://github.com/serre-lab/CVR,yichen,,,,
CVR 21,task_pos_inside_2,Compositional / Pos+Inside,Parametric variables,"In each image, an object contains 2 objects. The 2 inner objects are always positioned similarly within the outer object.",,https://github.com/serre-lab/CVR,yichen,,,,
CVR 22,task_pos_inside_4,Compositional / Pos+Inside,Parametric variables,"In each image, the object that contains another object is always positioned similarly with respect to the other objects across the same dimension.",,https://github.com/serre-lab/CVR,yichen,,,,
CVR 23,task_rot_rot_1,Compositional / Rot+Rot,Parametric variables,Each image contain 2 similarly shaped objects with different rotations.,,https://github.com/serre-lab/CVR,yichen,,,,
CVR 24,task_flip_flip_1,Compositional / Flip+Flip,Parametric variables,Each image contain 2 similarly shaped objects flipped differently.,,https://github.com/serre-lab/CVR,yichen,,,,
CVR 25,task_rot_rot_3,Compositional / Rot+Rot,Parametric variables,"Each image contain 2 similarly shaped objects, the difference between rotation of the 2 objects is the same in all images.",,https://github.com/serre-lab/CVR,yichen,,,,
CVR 26,task_pos_pos_3,Compositional / Pos+Pos,Parametric variables,Each image contains 2 pairs of objects. Objects of each pair have the same position in one spatial dimension (for example the x axis) but different positions in the other dimension (for example the y axis). The distance between 2 objects of a pair along the second dimension and the position of the pair along the first dimension maintain the same order across images.,,https://github.com/serre-lab/CVR,yichen,,,,
CVR 27,task_pos_count_4,Compositional / Pos+Count,Parametric variables,The images contain 3 sets of objects that are aligned.,,https://github.com/serre-lab/CVR,yichen,,,,
CVR 28,task_size_size_5,Compositional / Size+Size,Parametric variables,Each image contains 3 pairs of aligned objects. The object sizes in each pair are maintained in all images.,,https://github.com/serre-lab/CVR,yichen,,,,
CVR 29,task_size_sym_1,Compositional / Size+Sym,Parametric variables,Each image contains objects in a mirror symmetry with respect to the same axis. The distance to the axis is correlated with the size for each object.,,https://github.com/serre-lab/CVR,yichen,,,,
CVR 30,task_size_sym_2,Compositional / Size+Sym,Parametric variables,Each image contains objects in a rotational symmetry with respect to the center of the image. The distance to the center is correlated with the size for each object.,,https://github.com/serre-lab/CVR,yichen,,,,
CVR 31,task_color_color_1,Compositional / Color+Color,Parametric variables,Each image contains 2 objects with similar color hues.,,https://github.com/serre-lab/CVR,yichen,,,,
CVR 32,task_color_color_2,Compositional / Color+Color,Parametric variables,All objects in an image have the same hue.,,https://github.com/serre-lab/CVR,yichen,,,,
CVR 33,task_sym_sym_1,Compositional / Sym+Sym,Parametric variables,Each image contains 2 objects that have a mirror symmetry. The axis of symmetry is the same in all images.,,https://github.com/serre-lab/CVR,yichen,,,,
CVR 34,task_sym_sym_2,Compositional / Sym+Sym,Parametric variables,Each image contains 2 objects that have a rotational symmetry. The angle of symmetry is the same in all images.,,https://github.com/serre-lab/CVR,yichen,,,,
CVR 35,task_shape_contact_3,Compositional / Shape+Contact,Parametric variables,Each image contains 3 objects among which 2 have the same shape and 2 are in contact. The objects with similar shapes are in contact in all images. The objects have different sizes and colors.,,https://github.com/serre-lab/CVR,yichen,,,,
CVR 36,task_shape_contact_4,Compositional / Shape+Contact,Parametric variables,Each image contains 3 objects among which 2 have the same shape and 2 are in contact. The objects with similar shapes are in contact in all images. The objects have different colors.,,https://github.com/serre-lab/CVR,yichen,,,,
CVR 37,task_contact_contact_2,Compositional / Contact,Parametric variables,"In each image, each object is in contact with another object.",,https://github.com/serre-lab/CVR,yichen,,,,
CVR 38,task_pos_size_1,Compositional / Pos+Size,Parametric variables,"In each image, the large object is always positioned similarly with respect to the small object along the same dimension.",,https://github.com/serre-lab/CVR,yichen,,,,
CVR 39,task_pos_size_2,Compositional / Pos+Size,Parametric variables,"In each image, the spatial configurations are maintained between sizes.",,https://github.com/serre-lab/CVR,yichen,,,,
CVR 40,task_pos_rot_2,Compositional / Pos+Rot,Parametric variables,Each image contains 2 sets of objects that have the same spatial configuration. One of the spatial configurations is rotated and objects in the configuration are rotated with the same angle.,,https://github.com/serre-lab/CVR,yichen,,,,
CVR 41,task_pos_col_1,Compositional / Pos+Color,Parametric variables,"In each image, the objects are always positioned similarly along the same dimension with respect to their colors.",,https://github.com/serre-lab/CVR,yichen,,,,
CVR 42,task_pos_col_2,Compositional / Pos+Color,Parametric variables,The images contain a set of objects that have the same spatial configuration and color configuration. Both configurations are maintained in all images.,,https://github.com/serre-lab/CVR,yichen,,,,
CVR 43,task_pos_contact,Compositional / Pos+Contact,Parametric variables,The images contain two objects in contact along the same direction.,,https://github.com/serre-lab/CVR,yichen,,,,
CVR 44,task_size_shape_1,Compositional / Size+Shape,Parametric variables,The images contain two pairs of objects. Each pair of objects have the same size and shape.,,https://github.com/serre-lab/CVR,yichen,,,,
CVR 45,task_size_shape_2,Compositional / Size+Shape,Parametric variables,"The images contain 4 objects with 4 different shapes (a,b,c,d). When a is bigger than b, c is bigger d. Conversly, when a is smaller than b, c is smaller than d.",,https://github.com/serre-lab/CVR,yichen,,,,
CVR 46,task_size_rot,Compositional / Size+Rot,Parametric variables,Each image contain 3 objects with the same shape. The smallest is rotated to the left and the largest is rotated to the right with respect to the average one.,,https://github.com/serre-lab/CVR,yichen,,,,
CVR 47,task_size_inside_1,Compositional / Size+Inside,Parametric variables,"In each image, one of the objects contains an object. The object that contains an object is either always the larger one or always the smaller one.",,https://github.com/serre-lab/CVR,yichen,,,,
CVR 48,task_size_contact,Compositional / Size+Contact,Parametric variables,"The images contain 4 objects a,b,c and d. The contact and size configurations are constant across images. For example, a contact configuration is A being in contact with B and C being in contact with D. A size configuration is A and B having the same size which is bigger than C and D.",,https://github.com/serre-lab/CVR,yichen,,,,
CVR 49,task_size_count_1,Compositional / Size+Count,Parametric variables,"Each image contains sets of objects. Within each set, objects have the same size. All images have the same number of sets.",,https://github.com/serre-lab/CVR,yichen,,,,
CVR 50,task_shape_inside,Compositional / Shape+Inside,Parametric variables,"Each image contains 2 objects, A and B, whose shapes don't change across images. In each image, A is inside B.",,https://github.com/serre-lab/CVR,yichen,,,,
CVR 51,task_shape_inside_1,Compositional / Shape+Inside,Parametric variables,"Each image contains several objects. In each image, if an object is inside another object, they share the same shape.",,https://github.com/serre-lab/CVR,yichen,,,,
CVR 52,task_shape_count_1,Compositional / Shape+Count,Parametric variables,"Each image contains sets of objects. Within each set, objects have the same shape. The number of objects in each set is constant across images.",,https://github.com/serre-lab/CVR,yichen,,,,
CVR 53,task_shape_count_2,Compositional / Shape+Count,Parametric variables,"Each image contains sets of objects. Within each set, objects have the same shape. The number of sets is constant across images.",,https://github.com/serre-lab/CVR,yichen,,,,
CVR 54,task_rot_color,Compositional / Rot+Color,Parametric variables,In each image objects with the same shapes have the same color. All objects are randomly rotated.,,https://github.com/serre-lab/CVR,yichen,,,,
CVR 55,task_rot_inside_1,Compositional / Rot+Inside,Parametric variables,"Each image contains 2 pairs of objects. In each pair, one of the objects is inside the other. One of the pairs is a rotation of the other pair.",,https://github.com/serre-lab/CVR,yichen,,,,
CVR 56,task_rot_inside_2,Compositional / Rot+Inside,Parametric variables,"In each image, if an object contains on object, they share the same shape. The objects are randomly rotated.",,https://github.com/serre-lab/CVR,yichen,,,,
CVR 57,task_rot_count_1,Compositional / Rot+Count,Parametric variables,Each image contains sets of objects. Within each set objects have the same shape and are randomly rotated. The number of objects in each set is constant across images.,,https://github.com/serre-lab/CVR,yichen,,,,
CVR 58,task_color_inside_1,Compositional / Color+Inside,Parametric variables,"Each image contains 2 objects, A and B, whose colors don't change across images. In each image, A is inside B.",,https://github.com/serre-lab/CVR,yichen,,,,
CVR 59,task_color_inside_2,Compositional / Color+Inside,Parametric variables,"Each image contains several objects. In each image, if an object is inside another object, they share the same color.",,https://github.com/serre-lab/CVR,yichen,,,,
CVR 60,task_color_contact,Compositional / Color+Contact,Parametric variables,"The images contain 4 objects A,B,C and D. The contact and color configurations are constant across images.",,https://github.com/serre-lab/CVR,yichen,,,,
CVR 61,task_inside_contact,Compositional / Inside+Contact,Parametric variables,"The images contain 4 objects A,B,C and D, 2 of which contain an object. The insideness and contact configurations are constant across images.",,https://github.com/serre-lab/CVR,yichen,,,,
CVR 62,task_contact_count_1,Compositional / Contact+Count,Parametric variables,"Each image contains sets of objects. Within each set, objects are in contact. The number of objects in each set is constant across images.",,https://github.com/serre-lab/CVR,yichen,,,,
CVR 63,task_contact_count_2,Compositional / Contact+Count,Parametric variables,"Each image contains sets of objects. Within each set, objects are in contact. The number of sets is constant across images.",,https://github.com/serre-lab/CVR,yichen,,,,
CVR 64,task_size_color_1,Compositional / Size+Color,Parametric variables,Each image contains 2 objects. The larger object always has the same color.,,https://github.com/serre-lab/CVR,yichen,,,,
CVR 65,task_size_color_2,Compositional / Size+Color,Parametric variables,"In each image, objects with the same size have the same color.",,https://github.com/serre-lab/CVR,yichen,,,,
CVR 66,task_color_sym_1,Compositional / Color+Sym,Parametric variables,"In each image, each pair of objects are in a rotational symmetry around the center of the image. The objects of each pair have the same color.",,https://github.com/serre-lab/CVR,yichen,,,,
CVR 67,task_color_sym_2,Compositional / Color+Sym,Parametric variables,"In each image, each pair of objects are in a mirror symmetry around the same axis. The objects of each pair have the same color.",,https://github.com/serre-lab/CVR,yichen,,,,
CVR 68,task_shape_rot_1,Compositional / Shape+Rot,Parametric variables,Each image contains 2 objects that have similar shapes and a third differently shaped object. The similarly shaped objects are randomly rotated. The shapes are the same across images.,,https://github.com/serre-lab/CVR,yichen,,,,
CVR 69,task_shape_contact_5,Compositional / Shape+Contact,Parametric variables,"In each image, similarly shaped objects are in contact.",,https://github.com/serre-lab/CVR,yichen,,,,
CVR 70,task_rot_contact_1,Compositional / Rot+Contact,Parametric variables,Each image contains 3 objects among which 2 have the same shape and 2 are in contact.,,https://github.com/serre-lab/CVR,yichen,,,,
CVR 71,task_flip_inside_2,Compositional / Flip+Inside,Parametric variables,"In each image, if an object contains on object, they share the same shape. The objects are randomly flipped.",,https://github.com/serre-lab/CVR,yichen,,,,
CVR 72,task_flip_color_1,Compositional / Flip+Color,Parametric variables,In each image objects with the same shapes have the same color. All objects are randomly flipped.,,https://github.com/serre-lab/CVR,yichen,,,,
CVR 73,task_shape_flip_1,Compositional / Shape+Flip,Parametric variables,Each image contains 2 objects that have similar shapes and a third differently shaped object. The similarly shaped objects are randomly flipped. The shapes are the same across images.,,https://github.com/serre-lab/CVR,yichen,,,,
CVR 74,task_rot_flip_1,Compositional / Rot+Flip,Parametric variables,Each image contains 4 objects. All 4 objects have the same shape and are placed in the same 4 locations. Objects aligned vertically have a the same difference in rotation angle and objects aligned vertically are flipped differently.,,https://github.com/serre-lab/CVR,yichen,,,,
,,,,,,,,,,,
Seed ID,Task,Categories,Difficulty Vars,Rules,,paper, ,,,,
Hyper_ball_trajectory,Ball Trajectory Prediction,Physical Intuition,"num_bounces, obstacle_complexity",Predict the movement of a ball in a container; requires simulating physics and reflections mentally.,,github.com/phoenixz810/mm-helix,yichen,,,,
Hyper_connect_the_dots,Connect the Dots,Spatial Perception,"num_dots, grid_density",Mentally connect numbered dots to identify a hidden shape or path without explicit lines drawn.,,github.com/phoenixz810/mm-helix,yichen,,,,
Hyper_seven_seg,Seven-segment Display,Symbolic Reasoning,"occlusion_ratio, num_digits","Recognize numbers or characters from partially occluded or ""broken"" seven-segment displays.",,github.com/phoenixz810/mm-helix,yichen,,,,
Hyper_triangle_completion,Triangle Completion,Geometry / Mental Imagery,"missing_vertices, noise_level","Given partial geometric cues, determine the properties or position of the missing parts to form a triangle.",,github.com/phoenixz810/mm-helix,yichen,,,,
,,,,,,,,,,,
,,,,,,,,,,,
Seed ID,Task,Categories,Difficulty Vars,Rules,,Paper,,,,,
LPT-001,PuzzleVQA - Colors,Abstract Visual Pattern,"Number of objects, color variety, pattern complexity",Identify or complete patterns based solely on color attributes,,https://github.com/declare-lab/LLM-PuzzleTest,yichen,,,,
LPT-002,PuzzleVQA - Numbers,Abstract Visual Pattern,"Number of elements, numerical patterns, grid size",Identify or complete patterns based on numerical relationships,,https://github.com/declare-lab/LLM-PuzzleTest,yichen,,,,
LPT-003,PuzzleVQA - Sizes,Abstract Visual Pattern,"Size variation, object count, spatial arrangement",Reason about patterns based on relative or absolute sizes,,https://github.com/declare-lab/LLM-PuzzleTest,yichen,,,,
LPT-004,PuzzleVQA - Shapes,Abstract Visual Pattern,"Shape variety, geometric complexity",Identify or complete patterns based on shape attributes,,https://github.com/declare-lab/LLM-PuzzleTest,yichen,,,,
LPT-005,PuzzleVQA - Colors & Numbers,Abstract Visual Pattern (Dual),Combined color + numerical complexity,Reason about patterns requiring joint understanding of color and number,,https://github.com/declare-lab/LLM-PuzzleTest,yichen,,,,
LPT-006,PuzzleVQA - Colors & Size,Abstract Visual Pattern (Dual),Combined color + size variation,Reason about patterns involving both color and size attributes,,https://github.com/declare-lab/LLM-PuzzleTest,yichen,,,,
LPT-007,PuzzleVQA - Colors & Shapes,Abstract Visual Pattern (Dual),Combined color + shape complexity,Reason about patterns combining color and geometric shapes,,https://github.com/declare-lab/LLM-PuzzleTest,yichen,,,,
LPT-008,PuzzleVQA - Numbers & Size,Abstract Visual Pattern (Dual),Combined numerical + size variation,Reason about patterns involving numbers and sizes,,https://github.com/declare-lab/LLM-PuzzleTest,yichen,,,,
LPT-009,PuzzleVQA - Numbers & Shapes,Abstract Visual Pattern (Dual),Combined numerical + shape complexity,Reason about patterns combining numbers and shapes,,https://github.com/declare-lab/LLM-PuzzleTest,yichen,,,,
LPT-010,PuzzleVQA - Size & Shapes,Abstract Visual Pattern (Dual),Combined size + shape variation,Reason about patterns involving size and geometric shapes,,https://github.com/declare-lab/LLM-PuzzleTest,yichen,,,,
LPT-011,AlgoPuzzleVQA - Arithmetic,Algorithmic Visual Reasoning,"Problem scale, numerical range, visual encoding","Solve arithmetic problems presented visually (e.g., visual calculations)",,https://github.com/declare-lab/LLM-PuzzleTest,yichen,,,,
LPT-012,AlgoPuzzleVQA - Boolean Logic,Algorithmic Visual Reasoning,"Logic gate complexity, proposition count",Apply boolean logic reasoning on visual elements,,https://github.com/declare-lab/LLM-PuzzleTest,yichen,,,,
LPT-013,AlgoPuzzleVQA - Combinatorics,Algorithmic Visual Reasoning,"Combination/permutation scale, visual constraints",Solve combinatorial problems shown visually,,https://github.com/declare-lab/LLM-PuzzleTest,yichen,,,,
LPT-014,AlgoPuzzleVQA - Graphs,Algorithmic Visual Reasoning,"Graph size, edge density, path complexity","Perform graph-based reasoning (shortest path, connectivity, etc.) on visual graphs",,https://github.com/declare-lab/LLM-PuzzleTest,yichen,,,,
LPT-015,AlgoPuzzleVQA - Optimization,Algorithmic Visual Reasoning,"Constraint density, optimization objective",Solve optimization problems presented in visual form,,https://github.com/declare-lab/LLM-PuzzleTest,yichen,,,,
LPT-016,AlgoPuzzleVQA - Search,Algorithmic Visual Reasoning,"Search space size, visual state complexity","Apply search algorithms (BFS, DFS, etc.) on visual states",,https://github.com/declare-lab/LLM-PuzzleTest,yichen,,,,
LPT-017,AlgoPuzzleVQA - Sets,Algorithmic Visual Reasoning,"Set size, intersection/union complexity",Perform set operations on visually represented elements,,https://github.com/declare-lab/LLM-PuzzleTest,yichen,,,,
LPT-018,AlgoPuzzleVQA - Wheel of Fortune,Algorithmic Visual Reasoning,"Wheel complexity, reward structure","Solve the specific ""Wheel of Fortune"" algorithmic puzzle visually",,https://github.com/declare-lab/LLM-PuzzleTest,yichen,,,,
LPT-019,AlgoPuzzleVQA - Board Tile,Algorithmic Visual Reasoning,"Board size, tile movement rules","Solve the ""Board Tile"" sliding or placement puzzle",,https://github.com/declare-lab/LLM-PuzzleTest,yichen,,,,
,,,,,,,,,,,
,,,,,,,,,,,
RAVEN_center_single,Center Single,Abstraction / RPM,"num_rules, rule_types","A single central object follows progression, constant, or arithmetic rules.",,https://github.com/WellyZhang/RAVEN.git,yichen,,,,
RAVEN_distribute_four,Distribute Four (2x2),Spatial / RPM,"grid_layout, rule_pairing",Four objects in a 2x2 grid; each or pairs follow independent rules.,,https://github.com/WellyZhang/RAVEN.git,yichen,,,,
RAVEN_distribute_nine,Distribute Nine (3x3),Spatial / RPM,"num_objects, complexity",Nine objects in a 3x3 grid following complex relational rules.,,https://github.com/WellyZhang/RAVEN.git,yichen,,,,
RAVEN_in_center_single_out_center_single,Nested Center,Hierarchical Reasoning,"inner_rule, outer_rule",An inner object and an outer frame follow distinct logical rules.,,https://github.com/WellyZhang/RAVEN.git,yichen,,,,
RAVEN_up_down_in_center_single,Vertical Split,Spatial Logic,"position_bias, rule_sync","Objects split into top/bottom halves, governed by relational logic.",,https://github.com/WellyZhang/RAVEN.git,yichen,,,,
RAVEN_left_right_in_center_single,Horizontal Split,Spatial Logic,"alignment, rule_sync",Objects split into left/right halves; requires mirrored or sequential logic.,,https://github.com/WellyZhang/RAVEN.git,yichen,,,,
RAVEN_in_distribute_four_out_center_single,Composite Grid-Center,Compositional Reasoning,"component_density, layer_rules",A 2x2 grid of small objects nested inside a larger central container shape.,,https://github.com/WellyZhang/RAVEN.git,yichen,,,,
,,,,,,,,,,,
RP-001,Akari (Light Up),Logic Puzzle / Grid Puzzle,"Grid size, number of clues, black cell density",Place bulbs so every white cell is illuminated; numbers indicate how many bulbs are adjacent; no two bulbs light each other,,https://github.com/ricbit/puzzles,yichen,,,,
RP-002,Takuzu (Binero / 0hh1),Logic Puzzle / Grid Puzzle,"Grid size, initial cell count","Fill grid with 0s and 1s; equal number in each row/column, no more than two identical adjacent, all rows/columns unique",,https://github.com/ricbit/puzzles,yichen,,,,
RP-003,Star Battle,Logic Puzzle / Placement,"Grid size, star count per row/column/region","Place stars so each row, column and region has exact count; stars cannot touch even diagonally",,https://github.com/ricbit/puzzles,yichen,,,,
RP-004,Hashiwokakero (Bridges),Logic Puzzle / Connection,"Number of islands, bridge count clues","Connect islands with bridges; numbers show exact bridge count; bridges horizontal/vertical, no crossing, fully connected",,https://github.com/ricbit/puzzles,yichen,,,,
RP-005,Slitherlink,Logic Puzzle / Loop,"Grid size, clue values (0-3)",Draw a single closed loop; numbers indicate how many of the four edges are part of the loop,,https://github.com/ricbit/puzzles,yichen,,,,
RP-006,Nurikabe,Logic Puzzle / Shading,"Grid size, island count and sizes","Shade cells to form ""sea""; create islands of exact given size; no 2_2 shaded blocks; islands separated by sea",,https://github.com/ricbit/puzzles,yichen,,,,
RP-007,Sudoku Chaos (Irregular),Logic Puzzle / Sudoku Variant,"Grid size, irregular region complexity","Fill grid so each row, column and irregular region contains each number exactly once",,https://github.com/ricbit/puzzles,yichen,,,,
RP-008,Domino,Tiling Puzzle,Board size and shape,Tile the entire board with 1_2 or 2_1 dominos without overlaps or gaps,,https://github.com/ricbit/puzzles,yichen,,,,
RP-009,Suguru,Logic Puzzle / Number Placement,"Grid size, region size variety",Fill regions with numbers 1 to N (where N is region size); no adjacent cells (including diagonally) have the same number,,https://github.com/ricbit/puzzles,yichen,,,,
RP-010,Branches (Four Winds),Logic Puzzle / Path Growing,"Grid size, seed count and values",Grow branches horizontally/vertically from seeds; total length of each branch equals the seed number; cover every cell,,https://github.com/ricbit/puzzles,yichen,,,,
RP-011,Snail,Number Placement Puzzle,Grid size (N_N),Fill the grid in a spiral (snail) order from 1 to N虏 so each row and column contains unique numbers 1 to N,,https://github.com/ricbit/puzzles,yichen,,,,
RP-012,Torto (Reversed),Word Puzzle / Path,"Grid size (6_3), word list",Place words in the grid forming a non-crossing king-move path,,https://github.com/ricbit/puzzles,yichen,,,,
RP-013,Anacrostic,Word Puzzle,"Clue count, grid complexity",Solve the anacrostic puzzle using letter placement constraints,,https://github.com/ricbit/puzzles,yichen,,,,
RP-014,Duplex,Logic / Word Puzzle,"Grid size, duplex constraints",Solve Duplex puzzle using DLX solver,,https://github.com/ricbit/puzzles,yichen,,,,
RP-015,Jarrow,Logic Puzzle,"Grid size, jarrow-specific rules",Solve Jarrow puzzle using constraint solver,,https://github.com/ricbit/puzzles,yichen,,,,
RP-016,Wordcross,Word Puzzle,"Grid size, word list",Solve Wordcross puzzle with crossing word constraints,,https://github.com/ricbit/puzzles,yichen,,,,
RP-017,Wordsearch,Word Puzzle,"Grid size, word list",Find and mark all hidden words in the letter grid,,https://github.com/ricbit/puzzles,yichen,,,,
,,,,,,,,,,,
SP-001,Black Box,Logic / Deduction,"Grid size, number of hidden balls",Fire lasers from edges to deduce hidden ball positions via reflections and hits,,https://git.tartarus.org/simon/puzzles.git,yichen,,,,
SP-002,Bridges,Logic / Connection,"Grid size, number of islands, clue values",Connect islands with bridges; numbers show exact bridge count; no crossing,,https://git.tartarus.org/simon/puzzles.git,yichen,,,,
SP-003,Cube,Spatial / Rolling,"Polyhedron type, grid size",Roll cube/tetrahedron/etc. to collect all blue squares,,https://git.tartarus.org/simon/puzzles.git,yichen,,,,
SP-004,Dominosa,Tiling / Matching,"Grid size, domino set",Tile grid with dominos matching adjacent numbers,,https://git.tartarus.org/simon/puzzles.git,yichen,,,,
SP-005,Fifteen,Sliding Puzzle,"Grid size (usually 4x4), scramble level",Slide tiles to arrange numbers in sequential order,,https://git.tartarus.org/simon/puzzles.git,yichen,,,,
SP-006,Filling,Logic / Shading,"Grid size, region clues",Fill regions according to numeric clues,,https://git.tartarus.org/simon/puzzles.git,yichen,,,,
SP-007,Flip,Logic / Lights Out,Grid size,Flip tiles to turn all lights off,,https://git.tartarus.org/simon/puzzles.git,yichen,,,,
SP-008,Flood,Flood Fill / Coloring,"Grid size, number of colors",Flood fill to make the entire grid one color in minimum moves,,https://git.tartarus.org/simon/puzzles.git,yichen,,,,
SP-009,Galaxies,Logic / Symmetry,"Grid size, clue placement",Divide grid into rotationally symmetric regions around clues,,https://git.tartarus.org/simon/puzzles.git,yichen,,,,
SP-010,Guess,Deduction / Mastermind,"Code length, number of colors",Deduce hidden code using guess feedback,,https://git.tartarus.org/simon/puzzles.git,yichen,,,,
SP-011,Inertia,Movement / Pathfinding,"Grid size, obstacle layout",Move ball in straight lines until hitting a barrier,,https://git.tartarus.org/simon/puzzles.git,yichen,,,,
SP-012,Keen,Arithmetic / Grid,"Grid size, cage clues",Fill grid following cage arithmetic rules and no repeats in row/column,,https://git.tartarus.org/simon/puzzles.git,yichen,,,,
SP-013,Light Up,Logic / Illumination,"Grid size, black cell clues",Place bulbs to light all white cells; numbers show adjacent bulbs,,https://git.tartarus.org/simon/puzzles.git,yichen,,,,
SP-014,Loopy,Logic / Loop,"Grid size, clue values (0-3)",Draw a single closed loop; numbers indicate edge usage,,https://git.tartarus.org/simon/puzzles.git,yichen,,,,
SP-015,Magnets,Logic / Polarity,"Grid size, magnet clues",Place + and - magnets following attraction/repulsion and counts,,https://git.tartarus.org/simon/puzzles.git,yichen,,,,
SP-016,Map,Logic / Graph Coloring,"Grid size, number of colors",Color regions so no adjacent regions share the same color,,https://git.tartarus.org/simon/puzzles.git,yichen,,,,
SP-017,Mines,Logic / Deduction,"Grid size, mine count",Reveal safe cells using number clues (Minesweeper),,https://git.tartarus.org/simon/puzzles.git,yichen,,,,
SP-018,Mosaic,Logic / Shading,"Grid size, number clues",Shade cells so numbers indicate how many adjacent cells are shaded,,https://git.tartarus.org/simon/puzzles.git,yichen,,,,
SP-019,Net,Spatial / Folding,Grid size,Rotate tiles to form a valid cube net,,https://git.tartarus.org/simon/puzzles.git,yichen,,,,
SP-020,Netslide,Sliding + Spatial,Grid size,Slide rows and columns to form a valid cube net,,https://git.tartarus.org/simon/puzzles.git,yichen,,,,
SP-021,Pattern,Logic / Pattern Matching,Grid size,Fill or mark pattern according to rules,,https://git.tartarus.org/simon/puzzles.git,yichen,,,,
SP-022,Pearl,Logic / Loop,"Grid size, pearl clues",Draw a loop following black/white pearl rules,,https://git.tartarus.org/simon/puzzles.git,yichen,,,,
SP-023,Pegs,Peg Solitaire,Board size and shape,Jump pegs to remove them until one remains,,https://git.tartarus.org/simon/puzzles.git,yichen,,,,
SP-024,Range,Logic / Number Placement,Grid size,Place numbers following visibility and range rules,,https://git.tartarus.org/simon/puzzles.git,yichen,,,,
SP-025,Rectangles,Logic / Division,Grid size,Divide grid into rectangles containing exactly one number,,https://git.tartarus.org/simon/puzzles.git,yichen,,,,
SP-026,Same Game,Matching / Removal,"Grid size, color count",Remove groups of adjacent same-colored blocks,,https://git.tartarus.org/simon/puzzles.git,yichen,,,,
SP-027,Signpost,Path / Number Placement,Grid size,Create a path visiting all cells in numerical order,,https://git.tartarus.org/simon/puzzles.git,yichen,,,,
SP-028,Singles,Logic / Uniqueness,Grid size,Black out squares so no number repeats in row/column and no adjacent blacks,,https://git.tartarus.org/simon/puzzles.git,yichen,,,,
SP-029,Sixteen,Sliding Puzzle,Grid size,Slide tiles to arrange in order (variant of Fifteen),,https://git.tartarus.org/simon/puzzles.git,yichen,,,,
SP-030,Slant,Logic / Loop,"Grid size, clue values",Draw diagonals so no loops form and numbers are satisfied,,https://git.tartarus.org/simon/puzzles.git,yichen,,,,
SP-031,Solo,Logic / Sudoku,"Grid size, clue count","Fill grid so each row, column and region contains each number once",,https://git.tartarus.org/simon/puzzles.git,yichen,,,,
SP-032,Tents,Logic / Placement,"Grid size, tree clues",Place tents adjacent to trees; no two tents adjacent,,https://git.tartarus.org/simon/puzzles.git,yichen,,,,
SP-033,Towers,Logic / Visibility,"Grid size, visibility clues",Place towers so visibility clues from edges are satisfied,,https://git.tartarus.org/simon/puzzles.git,yichen,,,,
SP-034,Tracks,Logic / Path,"Grid size, clue placement",Draw railway tracks following clues,,https://git.tartarus.org/simon/puzzles.git,yichen,,,,
SP-035,Twiddle,Sliding / Rotation,Grid size,Rotate 2x2 blocks to arrange numbers in order,,https://git.tartarus.org/simon/puzzles.git,yichen,,,,
SP-036,Undead,Logic / Placement,"Grid size, mirror and monster clues","Place ghosts, vampires and zombies according to visibility clues",,https://git.tartarus.org/simon/puzzles.git,yichen,,,,
SP-037,Unequal,Logic / Inequality,Grid size,Fill grid with numbers following inequality signs,,https://git.tartarus.org/simon/puzzles.git,yichen,,,,
SP-038,Unruly,Logic / Binary,Grid size,Fill grid with black and white following no-three-in-a-row rules,,https://git.tartarus.org/simon/puzzles.git,yichen,,,,
SP-039,Untangle,Graph / Planar,Number of points,Move points so no lines cross,,https://git.tartarus.org/simon/puzzles.git,yichen,,,,
SP-040,Group,Logic / Group,"Grid size, group clues",Solve group-based placement puzzles,,https://git.tartarus.org/simon/puzzles.git,yichen,,,,
,,,,,,,,,,,
SVB-001,2D Rotation,Spatial Visualization,"Rotation angle steps, object complexity, distractors",Mentally rotate 2D shapes and match or identify the correct orientation,,https://github.com/wangst0181/SpatialViz-Bench.git,yichen,,,,
SVB-002,3D Rotation,Spatial Visualization,"Rotation axis & angle, 3D object complexity",Mentally rotate 3D objects and determine the resulting view,,https://github.com/wangst0181/SpatialViz-Bench.git,yichen,,,,
SVB-003,Three-View Projection,Spatial Visualization,"Object complexity, number of views","Understand and match orthographic three-view projections (front, top, side)",,https://github.com/wangst0181/SpatialViz-Bench.git,yichen,,,,
SVB-004,Paper Folding,Spatial Visualization,"Folding steps, pattern complexity",Mentally fold a 2D paper pattern and predict the resulting 3D shape or holes,,https://github.com/wangst0181/SpatialViz-Bench.git,yichen,,,,
SVB-005,Cube Unfolding,Spatial Visualization,"Net complexity, folding lines",Determine which 3D cube corresponds to a given 2D net (unfolding),,https://github.com/wangst0181/SpatialViz-Bench.git,yichen,,,,
SVB-006,Cube Reconstruction,Spatial Visualization,"Projection views count, cube size",Reconstruct 3D cube structure from given orthogonal projections,,https://github.com/wangst0181/SpatialViz-Bench.git,yichen,,,,
SVB-007,Cross Section,Spatial Visualization,"Cutting plane orientation, object shape",Predict the 2D cross-section when a 3D object is cut by a plane,,https://github.com/wangst0181/SpatialViz-Bench.git,yichen,,,,
SVB-008,Cube Counting,Spatial Visualization,"Structure size, number of hidden cubes, view count",Count the total number of cubes in a 3D structure from given views,,https://github.com/wangst0181/SpatialViz-Bench.git,yichen,,,,
SVB-009,Cube Assembly,Spatial Visualization,"Structure complexity, number of parts",Identify the correct complementary piece(s) to complete a cube assembly,,https://github.com/wangst0181/SpatialViz-Bench.git,yichen,,,,
SVB-010,Arrow Moving,Spatial Visualization + Mental Animation,"Grid size, movement steps, arrow count, rule complexity",Predict final position/orientation of arrow(s) after a sequence of movements,,https://github.com/wangst0181/SpatialViz-Bench.git,yichen,,,,
SVB-011,Block Moving,Spatial Visualization + Mental Animation,"Grid size, block count, movement constraints",Simulate block movements and predict final configuration,,https://github.com/wangst0181/SpatialViz-Bench.git,yichen,,,,
SVB-012,Mechanical System,Spatial Visualization + Mechanical Reasoning,"Mechanism complexity, number of components","Understand and predict behavior of mechanical systems (gears, linkages, etc.)",,https://github.com/wangst0181/SpatialViz-Bench.git,yichen,,,,
,,,,,,,,,,,
SRAN-001,Center,Abstract Visual Reasoning,"Number of objects, attribute variety, rule complexity",Identify the central object or pattern that follows the underlying rule in the matrix,,https://github.com/husheng12345/SRAN.git,yichen,,,,
SRAN-002,2x2 Grid,Abstract Visual Reasoning,"Grid size (2x2), transformation rules, distractors",Understand and apply relational rules in a 2_2 grid matrix,,https://github.com/husheng12345/SRAN.git,yichen,,,,
SRAN-003,3x3 Grid,Abstract Visual Reasoning,"Grid size (3x3), number of rules, pattern complexity",Infer and apply one or multiple rules across a 3_3 Raven Progressive Matrix,,https://github.com/husheng12345/SRAN.git,yichen,,,,
SRAN-004,Object Instance Color (O-IC),Abstract Visual Reasoning,"Object count, color attributes, rule stratification",Reason about object instances and their color transformations,,https://github.com/husheng12345/SRAN.git,yichen,,,,
SRAN-005,Object Instance Grouping (O-IG),Abstract Visual Reasoning,"Grouping complexity, object attributes",Understand grouping and relational rules among object instances,,https://github.com/husheng12345/SRAN.git,yichen,,,,
SRAN-006,Left-Right (L-R),Abstract Visual Reasoning,"Spatial layout, left-right relations, rule strength",Infer horizontal (left-right) spatial and relational rules,,https://github.com/husheng12345/SRAN.git,yichen,,,,
SRAN-007,Up-Down (U-D),Abstract Visual Reasoning,"Spatial layout, vertical relations, rule complexity",Infer vertical (up-down) spatial and relational rules,,https://github.com/husheng12345/SRAN.git,yichen,,,,
SRAN-008,I-RAVEN Overall,Abstract Visual Reasoning Benchmark,Overall difficulty across all configurations,Solve impartial Raven Progressive Matrices by identifying the missing image that completes the rule,,https://github.com/husheng12345/SRAN.git,yichen,,,,
SRAN-009,PGM,Abstract Visual Reasoning,"Problem scale, rule diversity",Solve Progressive Matrices from the PGM dataset,,https://github.com/husheng12345/SRAN.git,yichen,,,,
,,,,,,,,,,,
VisFactor-CF1,Hidden Figures Test,Visualization & Spatial,"Grid rows/cols, density",Identify if a specific geometric model is hidden within a complex pattern grid.,,https://github.com/CUHK-ARISE/VisFactor,yichen,,,,
VisFactor-CF2,Hidden Patterns Test,Visualization & Spatial,"Pattern density, total number",Determine if a single target pattern exists within various generated grid configurations.,,https://github.com/CUHK-ARISE/VisFactor,yichen,,,,
VisFactor-CF3,Copying Test,Visualization & Spatial,"Grid size, min/max steps",Reproduce a sequence of movements (walks) within a defined grid space.,,https://github.com/CUHK-ARISE/VisFactor,yichen,,,,
VisFactor-CS1,Gestalt Completion Test,Perceptual & Closure,Masking severity,Identify the original object from a partially masked or fragmented image.,,https://github.com/CUHK-ARISE/VisFactor,yichen,,,,
VisFactor-CS2,Concealed Words Test,Perceptual & Closure,"Word length, masking severity",Recognize and identify words that have been partially obscured or distorted.,,https://github.com/CUHK-ARISE/VisFactor,yichen,,,,
VisFactor-CS3,Snowy Pictures,Perceptual & Closure,Noise severity,Identify objects hidden within high-density visual noise (snowy effect).,,https://github.com/CUHK-ARISE/VisFactor,yichen,,,,
VisFactor-MA1,Figure-Number Test,Memory,Memory capacity (object count),Match numbers or labels to specific geometric figures after visual exposure.,,https://github.com/CUHK-ARISE/VisFactor,yichen,,,,
VisFactor-S1,Card Rotations Test,Visualization & Spatial,Number of vertices,Determine if rotated 2D polygons are the same as or mirror images of the original.,,https://github.com/CUHK-ARISE/VisFactor,yichen,,,,
VisFactor-S2,Cube Comparisons Test,Visualization & Spatial,Total comparison pairs,Compare two cubes with different faces to see if they can be the same cube.,,https://github.com/CUHK-ARISE/VisFactor,yichen,,,,
VisFactor-SS3,Map Planning Test,Reasoning,"Grid size, blocked ratio, building count",Find valid paths between points on a map while avoiding blocked segments.,,https://github.com/CUHK-ARISE/VisFactor,yichen,,,,
VisFactor-VZ1,Form Board Test,Visualization & Spatial,Model complexity (edges/nodes),Select which smaller shapes can be combined to form a specific larger target shape.,,https://github.com/CUHK-ARISE/VisFactor,yichen,,,,
VisFactor-VZ2,Paper Folding Test,Visualization & Spatial,"Number of folds (n), min/max steps",Predict the pattern of holes on a piece of paper after it has been folded and punched.,,https://github.com/CUHK-ARISE/VisFactor,yichen,,,,
,,,,,,,,,,,
,,,,,,,,,,,
VGRP-001,Aquarium,Visual Grid Reasoning Puzzle,"Grid size, water level clues, row/column constraints",Fill aquariums with water from the bottom up to the specified level indicated by side numbers,,https://github.com/ryf1123/VGRP-Bench.git,yichen,,,,
VGRP-002,Battle Ships,Visual Grid Reasoning Puzzle,"Grid size, ship sizes, row/column ship counts",Place a fleet of ships according to row and column hints; ships cannot touch each other even diagonally,,https://github.com/ryf1123/VGRP-Bench.git,yichen,,,,
VGRP-003,Binairo (Takuzu),Visual Grid Reasoning Puzzle,"Grid size, initial cell density, balance rules","Fill the grid with black and white cells; no more than two identical adjacent cells, equal number per row/column, all rows/columns unique",,https://github.com/ryf1123/VGRP-Bench.git,yichen,,,,
VGRP-004,Colored Sudoku,Visual Grid Reasoning Puzzle,"Grid size, color constraints, clue density",Solve Sudoku while satisfying additional color-based constraints,,https://github.com/ryf1123/VGRP-Bench.git,yichen,,,,
VGRP-005,Field Explorer,Visual Grid Reasoning Puzzle,"Grid size, exploration clues",Explore and mark the grid following specific field exploration rules,,https://github.com/ryf1123/VGRP-Bench.git,yichen,,,,
VGRP-006,Futoshiki,Visual Grid Reasoning Puzzle,"Grid size, inequality signs",Fill the grid with numbers following inequality constraints between adjacent cells,,https://github.com/ryf1123/VGRP-Bench.git,yichen,,,,
VGRP-007,Hitori,Visual Grid Reasoning Puzzle,"Grid size, number distribution","Black out cells so no number repeats in any row or column, and black cells are not adjacent",,https://github.com/ryf1123/VGRP-Bench.git,yichen,,,,
VGRP-008,Jigsaw Sudoku,Visual Grid Reasoning Puzzle,"Grid size, irregular region shapes",Solve Sudoku with irregularly shaped regions instead of standard 3x3 boxes,,https://github.com/ryf1123/VGRP-Bench.git,yichen,,,,
VGRP-009,Kakurasu,Visual Grid Reasoning Puzzle,"Grid size, row/column sum clues",Shade cells so the sum of shaded numbers in each row/column matches the clues,,https://github.com/ryf1123/VGRP-Bench.git,yichen,,,,
VGRP-010,Kakuro,Visual Grid Reasoning Puzzle,"Grid size, sum clues",Fill digits so each run sums to the given clue; no repeated digits in any run,,https://github.com/ryf1123/VGRP-Bench.git,yichen,,,,
VGRP-011,Killer Sudoku,Visual Grid Reasoning Puzzle,"Grid size, cage count and sum clues",Solve Sudoku while satisfying the sum constraints of each cage,,https://github.com/ryf1123/VGRP-Bench.git,yichen,,,,
VGRP-012,Light Up (Akari),Visual Grid Reasoning Puzzle,"Grid size, black cell clues",Place bulbs to illuminate all white cells; numbers indicate adjacent bulbs; no two bulbs light each other,,https://github.com/ryf1123/VGRP-Bench.git,yichen,,,,
VGRP-013,Nonogram (Picross),Visual Grid Reasoning Puzzle,"Grid size, row and column clue sequences",Fill cells according to the numbers describing consecutive filled blocks in each row and column,,https://github.com/ryf1123/VGRP-Bench.git,yichen,,,,
VGRP-014,Odd-Even Sudoku,Visual Grid Reasoning Puzzle,"Grid size, odd/even constraints",Solve Sudoku with additional odd/even constraints on certain cells,,https://github.com/ryf1123/VGRP-Bench.git,yichen,,,,
VGRP-015,Renzoku (Neighbors),Visual Grid Reasoning Puzzle,"Grid size, consecutive number rules",Fill the grid so adjacent cells differ by exactly 1,,https://github.com/ryf1123/VGRP-Bench.git,yichen,,,,
VGRP-016,Skyscraper,Visual Grid Reasoning Puzzle,"Grid size, visibility clues from edges",Place buildings so the number of visible buildings from each edge matches the clues,,https://github.com/ryf1123/VGRP-Bench.git,yichen,,,,
VGRP-017,Star Battle,Visual Grid Reasoning Puzzle,"Grid size, star count per row/column/region","Place stars so each row, column, and region has the exact number; stars cannot touch even diagonally",,https://github.com/ryf1123/VGRP-Bench.git,yichen,,,,
VGRP-018,Sudoku,Visual Grid Reasoning Puzzle,"Grid size (9x9), clue count","Fill the grid so each row, column, and 3x3 box contains 1-9 exactly once",,https://github.com/ryf1123/VGRP-Bench.git,yichen,,,,
VGRP-019,Thermometers,Visual Grid Reasoning Puzzle,"Grid size, thermometer clues",Fill thermometers from the bottom up to the indicated temperature level,,https://github.com/ryf1123/VGRP-Bench.git,yichen,,,,
VGRP-020,Trees and Tents,Visual Grid Reasoning Puzzle,"Grid size, tree count, row/column tent counts",Place tents adjacent to trees; no two tents adjacent; numbers show how many tents per row/column,,https://github.com/ryf1123/VGRP-Bench.git,yichen,,,,
,,,,,,,,,,,
,,,,,,,,,,,
ZB-001,Classic Zebra Puzzle,Logic Grid Puzzle,"Number of houses (3-5), number of attributes, clue density","Assign each attribute to exactly one house using clues such as ""same house"", ""directly left"", ""one house between"", etc.",,https://github.com/tuchandra/zebra.git,yichen,,,,
ZB-002,Mythical Traptors,Logic Grid Puzzle (Themed),"Number of houses, number of traptor types, clue complexity",Assign different mythical traptor types to houses following logical clues,,https://github.com/tuchandra/zebra.git,yichen,,,,
ZB-003,Tropical Traptors,Logic Grid Puzzle (Themed),"Number of houses, traptor variety, clue count",Solve assignment of tropical traptor variants using constraint clues,,https://github.com/tuchandra/zebra.git,yichen,,,,
ZB-004,Traptors + Smoothies,Logic Grid Puzzle (Multi-attribute),"Number of houses, number of attributes (traptors + smoothies), clue density",Assign both traptor types and smoothie flavors to houses following mixed clues,,https://github.com/tuchandra/zebra.git,yichen,,,,
ZB-005,Traptors + Bottlecaps,Logic Grid Puzzle (Multi-attribute),"Number of houses, number of attributes (traptors + bottlecaps)",Assign traptor types and bottlecap colors to houses using logical constraints,,https://github.com/tuchandra/zebra.git,yichen,,,,
ZB-006,Full Multi-Attribute Zebra,Logic Grid Puzzle (Multi-attribute),"Number of houses (3-5), total attributes (3+ categories), clue complexity","Solve complex zebra puzzles with multiple attribute categories (traptors, smoothies, bottlecaps, etc.)",,https://github.com/tuchandra/zebra.git,yichen,,,,